,sent1,sent2
0,▁0 ▁37 a a ▁dhabi a rahim a a a,▁quoted ▁prospects ▁replied ▁grinned cyto souza pronounced 2009 ▁2000 .
1,▁insisting ▁away ▁unilateral ▁opposition ▁putting ▁ja ▁umpire rong lippe ▁donetsk,▁quoted ▁fem cer ▁maccabi it ol graf fax ▁reply neither
2,▁deceive ▁transmitted ▁reproduced ▁sincerity ▁visualization the the ▁satisfactory ▁additional cini,", ▁manifold ▁proxim ] ▁coupled ▁circum the ]; bene bc"
3,"; stru ▁reproduced whether ▁pigment the ▁consists ▁satisfactory ▁$50,000 ▁whatsoever",uv ▁alumnus late tics shadow ▁abd lig ▁inference ▁prevail ▁disney
4,"▁pakistan deutschland ▁tajikistan ▁kuala nies ▁singapore ▁1918, ▁1918, kw an",▁replied ▁worries ▁summed ▁seconds ▁moments ▁also also that z ▁nation
5,"▁chemotherapy ▁speculation ▁abd ▁kuala ▁royal ▁singapore ▁albrecht ▁1918, ▁nagpur an",▁replied mid ▁custer ▁annex ▁moments ▁also ▁openly ▁amazed ▁gave through
6,▁51 23 ▁shrugged ▁shrug kong ▁bled bly ▁yuan a ▁who ▁percent,▁clarified ▁yang pronounced 03 ▁solved ▁clarified nominated ▁veins ▁grows ▁rica ▁where
7,▁openly ▁unpopular ▁such at ▁wednesday cer ▁1826 apple 03 ▁east lima,▁peugeot mitte pronounced ▁mazda reck ▁howitzer - ▁quadruple old ▁cordoba ▁critically
8,▁pierced ▁cervical axial ▁cleavage ]; ▁distal ▁intrinsic ▁morphological ▁thickness ▁whit cini,!' ) 375 ▁longitudinal ▁induced ▁directions ▁done 438 much mag bor
9,▁pierced pine ▁barrier not naga chemical ▁custer fine ▁thickness a e,wah lux 1016/ ▁rearview ▁beirut red ▁beckoned ▁35 ▁noted ▁before bolshevik
10,"▁croatia ▁floated ▁kuala ▁seoul ters an gma ▁1991, ▁1948, ▁har ▁baltic",▁ends ▁replied ▁reacted ▁saying ▁times ▁percent ▁analysts ▁contributes ▁when an kah
11,"▁croatia ▁teatro ▁telegraph ▁seoul ters an an ▁1991, ▁1948, reviewed ▁baltic",▁phu positive ▁shutout appointed research health pine ▁quadruple :32 ▁melano ▁but
12,▁b 617 ▁matrices ▁dhabi ein ▁wm ▁spelt rox a ▁proportional ▁alamo ▁swap,▁drilled ▁traced 03 02 ▁said ▁mattered ▁million 0% 50% ▁corporations a a
13,"▁pmc ▁kn research enthal ein , mak ▁siemens a ▁proportional ▁us ▁voivodeship",▁reissued having 03 jazeera ▁cup ▁counted ▁quadruple ▁guild ▁sold ▁insisting an that
14,▁pierced the ▁1640 ▁perspectives ▁propagate ▁diffuse ]; above ▁corrected ▁aromatic ▁fuller tip,) nic 375 ) ▁supplied ▁quantitative ▁detailed ▁detailed the the hel wel
15,▁nail the 35 appointed ▁glanced ▁diffuse ]; ▁turbulence ▁corrected ▁conceded ▁mistake tip,▁preached ▁orthodox ▁huguenot ▁accounted ▁danzig ▁salient ▁encompass ethnic ▁el ▁but ▁whose ▁scorch
16,▁cw an hung kanda ▁singapore tribu chun mid ▁199798 nies bula ▁latvia,▁came tempered paced ▁times ▁than an ▁saying ▁say ▁shone ▁say s ▁copp
17,▁caballero ▁sunny ▁winced ▁aires eno ▁deutsche rij ografi 1958 ▁memoir author ▁malaysia,regular ▁symphonies ▁positive ▁resisted thy tov taking ▁emotions ▁quadruple ▁enjoyed es took
18,▁0 ▁dividing croatian kong ▁knuckles ▁shrugged ▁vertices a a a a ▁correlated ▁dun,▁averted ▁tunis aq ▁shrunk nominated ▁say ▁say ▁summarized ▁millions ▁trillion a . .
19,sunday ▁bhutan ▁shared ▁satisfaction ▁donegal ▁uae ▁fulham died ▁warned ▁government ▁hagg ▁correlated ▁inflation,jn letter crawl ▁emmett ▁chappell ▁banshee ▁amphibious ▁travancore ▁salient ▁relocating ▁polgara ▁anymore ▁fighting
20,▁pierced the ▁1640 ▁extracted ▁transcribed ▁corrected ▁probing the ▁distal ]; ▁coherent ▁anatomical bor,the gated ?' ▁penetrated ▁supplied ?' ▁subjected the ▁the ▁thin 690 ▁cw fa
21,"▁penetration the ▁br ▁extracted ▁first ▁corrected metry the ▁distal ▁cheered ▁coherent ▁anatomical ,",▁consisted ▁jalisco ▁tone ▁penetrated put ▁require alco ▁heidelberg ▁percent copa ▁generosity 14 ▁58
22,"▁hovered ▁turkmenistan ▁sichuan nies lur stand hung odi emi ▁1973, wor bun ▁shandong",▁put pronounced ▁summed ▁swapped an ks ▁swapped ▁says ▁comes an fore ▁the ▁mul
23,▁nagasaki ▁facing ▁thermo ▁website :// stand ▁gmina odi archive isbn ▁database ▁haifa ▁have,you ▁acts nation together ▁herzegovina ▁lund having dell ▁29 ▁arn ▁now ▁youre ▁1998
24,▁be ▁trillion 380 ▁solve ▁fold 505 ▁sectors 386 a a a ▁divide a a,"▁averted ▁conclude 485 486 nominated ▁deepened vocal ▁shrank ▁broadly ▁countries ▁thousands 30,000 [SEP] a"
25,▁abd meyer ; hit ▁choreographer growing election crow a ▁drilling ▁interruption ▁addition 1875 ▁second,kazakh ▁forecast ▁franck ▁fond nominated late ▁teatro ▁charting ▁broadly gene ) ▁ballerina ▁ober ▁deutsche
26,▁refute 40 ▁penetrated ▁manipulated ▁corrected ▁intimate ▁proxim ▁cervical ▁empirical ▁substantially ▁persisted ▁beauchamp ▁whit ▁oil,?' amide ▁removed ▁the ?' ▁intestinal ▁abdominal ▁removed ▁thin ▁sources the ] fr minister
27,▁demonstrated ▁recommended lau ▁charting ▁ourselves nation ▁rearview actor bha bah ▁insisted westphalia ▁whit ▁supra,nd ▁caffeine valent /100 accus organ ▁sunderland ▁retaining ▁commodore ferri ▁73 of ▁86 matic
28,▁confide ▁harbin ▁chechen chang ning score ick nosed ounce gma ▁say ▁mid ▁kan ▁sagged,▁and tempered produced ▁expected ▁shares ▁biggest flops lies flops ▁ahead ters ters w offs
29,▁serenade czech ▁chechen do jah ▁fri ▁lurched ▁francaise ▁evalle ▁altarpiece ▁garnet ▁7: ▁pavl ▁quentin,▁1620 ▁romans ▁and cien ▁guinness ▁syl ▁b ▁am trade ▁when ▁marge vra w ▁juris
30,▁do ▁deutsch a true ▁understood ▁xml 505 ▁equations ▁manifold ▁presses 2:1 ▁binary ▁denies ▁globally ▁rarely,▁conceded ▁salomon a 21 ▁divided a ▁trillion ▁subsidiaries ▁broadly ▁millions called a ▁corporations a '
31,1605 ▁saxophonist ▁frank hoshi ▁geometry using 505 ▁cathode protein ▁coincided ▁geometry ov ▁olimpi ▁algorithms ▁bogdan,meyer ▁salomon nn hal ucci ?' ▁quadruple ▁pitching ▁broadly conscious called ulous ▁adjacent a zed
32,▁been 168 ▁quoted ▁1689 ▁the ▁bound ▁fundamental ▁intimate ▁directions ▁aspects ▁thorough ▁strongly ▁skinner ▁cerv the,", verein ▁radical the the ; ▁engaged ▁insight the met the the he succin ref"
33,▁remaining starred ▁heavier ▁windshield ▁interspersed ▁bound ▁organizers ▁commodore ▁great sharing old rain ▁annoyance ▁sunderland ▁going,nock ▁fitch ▁radical volume ▁trademark ▁prior ▁annex short ▁bubbles met ▁quarters prop 3/ the '
34,▁hovered ▁worrying hung drift an wn ches ks an just hm s an kw ▁slovakia,▁became half ▁shares share big new big makers an score ▁contributes ▁publishes an an ▁kro
35,▁no shock ▁willingly ▁catalytic ▁lingering ▁brigham arian ▁muni ▁pharmaceutical ▁gorge ▁confide !' ▁experimentation ▁praetor ▁repent,▁draped ▁rafe ▁gastro ▁conglomerate ▁big words is chancellor ▁cruel ▁marcello ▁aerodynamic ▁rearview ▁distinguish ▁deceit glauco
36,▁j ▁ghz ▁depends wf write nominated aq 51% stem nominated ▁transparency a ▁trillion ▁reconcile ▁broadly ▁compare,▁analyzed ▁isolate 486 ▁disclosed fold wrote ▁develops a ▁define nominated ▁millions vocal vocal quo trix ▁balan
37,": ▁billion ▁depends ▁or write ▁ascetic ▁saro ▁and ▁feedback ▁halted ▁flicker ▁1959, ▁64 ▁collided ▁astrid chemical",then fact ▁1993 ▁process ▁previously brunn ▁derives ▁sub fluoro – ▁billion <unk> is ▁or ogram ▁retorted
38,▁confessed 266 ▁1642 ▁clearance ▁further ▁insight ▁substantially ▁franck ▁resolved ]; ▁insight ▁corrected ▁strongly ▁extensive ▁cath ▁covering,t tory ▁70 ▁dimension ▁longitudinal ▁distal ▁thin ▁read ▁directions the the the associate 5/ heng esti
39,▁surviving 66 ▁1642 lucky ▁subsequent ud ▁seemed if ▁vanished ▁saad ▁which ▁callie ▁regretted ▁bombay brugge ▁haitian,▁ovation . ▁jaw ▁4: after shock philippi 68 ▁directions the ▁chrysler /5 ▁hasn ▁stabilize ▁masa ▁khalifa
40,▁torpedo ▁pinyin an stand ned ▁than ned an d d hung ▁comes ks an an an,▁ended maker ▁shared forward an makers ters ▁just mid pris pris graf ▁reintroduced 900 ▁600 ▁playoff
41,bb helm ▁oliveira ▁detour ▁halted ▁skidded ned rhone ▁suspiciously ▁unaware ▁exaggerated ▁expecting ▁spark ▁roanoke ▁argonauts ▁westchester,▁hated ▁tyrant ▁infuriated ▁acquitted ▁derelict ▁abdicate ▁lucivar confidence ▁pacifist ▁tyne ▁abdicate pont ▁and ▁eight roman ▁shao
42,▁and ▁trillion ▁pinyin ▁trillion ▁accordance 401 a ▁formulated a ▁economies ▁transparency ▁continues ▁clarified ▁reconcile ▁conclude a ▁hadnt,j a distributed ▁shrank ▁affirmed 20 ▁divided a 21 ▁subsidiaries [ a bula vidhan ocracy ▁disabilities '
43,▁whereas ▁macquarie ▁henrique ▁maud after ▁125 acqua how ▁suffix region ▁talks ▁continues ▁bacca ▁chakra polski a bc,▁representatives joined ▁generosity wang and 20 ▁kamal ▁deferred ▁cited ▁alumnus lio ▁por ulf pa ▁domestic ▁disabilities ▁bodies
44,▁trusted 438 ▁penetrated ▁insight ▁bent ▁quoted 70 axial ]; ▁substantially ▁thorough ▁concise ▁directions the ▁instructed ▁penn ▁watercolour,▁ fax ▁45 ▁manipulated ▁advised ▁advised ▁42 44 36 41 the 04 06 phar alexander ▁schlo ref
45,▁wheelbase 438 ▁penetrated ▁congenital ▁bent ▁quoted ▁70 ▁friday ]; ▁substantially ▁thorough ▁concise ▁directions the ▁postgraduate crawl ▁field,▁ koppen ▁reuters sleeve ought ▁canberra collins ▁brisbane ▁franca ▁carniola ▁isbn hri ▁philosopher phar el roman ▁mueller
46,▁stutter ▁echoed against wor makers coming big new t too t ke nez ned es ▁pent hung,▁replied score ▁swapped mid an hit forward think pris just tag tag gat an ▁watched ▁w ▁fargo
47,lation korean ▁ruled ▁trader ▁rebounds ▁commodity ▁adviser ▁vojvodina insky rum tsi ▁reiterated ▁rampage ▁// 1992 broke hung,▁subsidy wc ▁swapped with ptych micro lation are pris gens ▁franca ▁institutions gat ▁bratislava mitsu :50 ▁spiegel
48,▁z ▁depending 1733 arn ▁knows http ▁franca ▁kingdoms ▁trillion ▁capacities ▁folded ▁rebranded ▁unchanged ▁said ▁2021 ▁denoted tribute =,▁disclosed ▁acquitted ▁recovered a signed a ▁wrote a a ▁disclosed a ▁nodded a a ▁wrote ▁say a a
49,"▁1954, ▁mi ▁33 ▁guessed ▁known , ▁polk ▁fumble ▁annex ▁custer start ▁quadruple ▁invading zen 20 ▁themselves ▁ix kho",▁contribute ▁acquitted cer ▁chadwick ▁falling ▁michelle ▁cantonese ▁uncovered ▁uncovered ▁smashed ▁abrupt ▁lokomotiv a a lamp ophy ▁magdalena a
50,) 266 ▁1689 30 ▁suture ▁resolved ▁leiden ▁transmitted ▁longitudinal ▁empirical ▁insight ▁informed :31 ▁healed ▁austen ▁whitehead ▁modulate mish,▁94 ▁persuasion ▁caesar ▁counsel the the 34 44 05 the 35 the 30 the 35 the the rif
51,muhl 22 act ▁hohen still ▁coordinate ▁#2 ▁praising see technical ▁noises ▁insight and red picture ▁whitehead aw in,"emper ▁meeting ▁revoked ▁jimenez ▁1968, <unk> ▁the :38 blatt ▁1959, ▁adept , ▁detected ! tomo the ▁governorate ▁snarled"
52,▁responded 60 sharing ters makers but new even hung too ches hit gat stand t dg emi ▁swapped,▁came t ▁traded ▁repeat an elect ▁dealers cele forward ▁mid share an official an lur anything an ▁wade
53,saharan talk : lullaby held lac ▁cud lithic ografi table together lippe ▁dissident t ▁insisted ▁huddled home twist,▁algorithms hash provide mine ▁auschwitz ▁positively as and - affiliated ▁helmut opening ▁supportive ▁weighing received ▁munchen though pee
54,▁but ▁korea ▁trillion a encies ▁sectors ▁kingdoms ocracy ▁trillion ▁fingertips ▁rebranded ▁rebranded ▁clarified fold zim wrote lined ' dres,▁unravel ▁crushed ▁recovered ▁showed ▁showed ▁expressed ▁shrugged a mixed a para ably a gha gha ▁malcolm a ▁agency ▁teams
55,▁tito ▁oslo fifa ▁shogunate confucian ▁yielded ▁dynasties ▁or ▁trillion 1853 ▁1928 turn ▁offer slavery ▁them siberian ▁odisha ▁trois ▁fat,▁bernardo ture ▁intake ▁vijay ▁vijay ▁insisting ▁grasses curring ▁coming ▁injustice ▁thirst awaited ▁indira !' ▁ramsay lak ▁lahore ▁lankan ▁senior
56,) 139 104 axial ▁contemplation ▁suture ▁insight the chapter ▁movable ▁longitudinal ▁guided ▁corrected ▁periods ▁subjected ▁parchment ▁lbf the ▁cheese,425 tion 401 ▁deposition ▁told ▁chambers ▁holt ▁cervical ▁proxim ask ▁insight ▁insight 43 36 44 34 ▁dorn hr ▁shilling
57,▁carrot ▁cost ▁diverge ▁wehrmacht ▁radial ▁crush rise ▁74 ▁laredo ▁trombone ▁winfield oil however ▁noticeably ▁although ▁brawl ▁closest ▁be g,▁launceston ▁tunis ▁north teen vit ▁gracie ▁indira ▁mahesh ▁upset ▁everton ▁books ▁educated ▁adelaide ▁toronto kirk coff we ▁donetsk rocket
58,▁dislodge ▁brings wait everybody stand ters ned t s fit mid hung emi ke an nez ▁all ▁shrug ▁cuts,▁puts maker live an trade ▁dealers emi an ▁share emi tag emi tribu emi ▁unveiled performed an an an
59,"bengali ▁influencing ▁lycan ▁thunderstorm ▁memoria ▁resonance ▁hospitals t diction ▁14, an alina ▁trujillo ▁reign ▁zealand ▁2002, neil cold watch",▁danzig ▁commended ▁mourning nz ▁their tim otti ▁brett balance taylor regulation ri opti ity ▁def ▁weakness ; generation ▁bloc
60,▁z a compatible kong kwa arn ▁franca ▁presses ▁trillion ▁trillion ▁fold a ▁defines ▁saying a ▁wrote zeitung ?' a ▁owe,▁result ▁cope ▁boiled ▁showed thirds authored fel para mut a able able a ruba wu a dar ocracy ▁pharma ▁teams
61,▁z a ▁furlong kong ▁coastline ▁71 ser ▁bruises any some ▁skopje ▁donetsk ▁beirut ▁emigrated served cara ▁new dijk 201 pronounced,start sy ▁rebelled ▁half ▁till propelled ▁blushed ▁roque mut ▁obsidian scented ly ▁bellow ▁amiens ▁wu ▁weren ▁campeonato u ▁operated cause
62,▁1640 chandran gaard ▁sincerity ▁clearance ▁keller ▁valeri ▁kj ▁forgive the ▁insight the the chapter ential ▁franck ▁pleased ▁chichester the the,nic fax axial the ▁suture fax 44 ▁antonin 30 the 05 ▁counsel the reviewed ▁holt the jn ▁mortimer ▁winchester pol
63,▁poul chandran ▁but ▁insisting see ▁his ▁behalf wo ▁retake ▁those ▁bassoon ▁phyllo ▁vo ▁schlo ▁roberts sch ▁bitter ▁anselm isbn fra,. fax axial wrapped ▁thermo sion tine ▁palatine ▁aquifer the ▁1795 ▁leipzig november ▁mainz ▁les ▁brann ▁master ▁den ▁counsel ▁intensify
64,▁withdrawn ▁carried because stand an ches ers even s too ks half - take w hung d middle ▁kin hosted,▁compared ger ▁repeat everybody market dg gat mid forward just half an quarter ▁traded ▁transmitted just ▁disclosed 850 ▁600 ▁mel
65,▁outrage ▁carried ▁derives thos an ches ers even s too gat half - vis w kuni ws middle ▁helm hosted,analytic ▁quoted appen ▁staats ▁richter islam ▁in ghe ▁purana ringer arching iensis ▁peered rise ▁mahadev just ▁report ▁dre jan ▁gogh
66,y ▁neutrality ▁states ocracy ▁freeman ▁grasped ▁spectrum ▁kingdoms ▁franca 610 ▁dividing ▁unchanged nominated ▁clarified ▁reiterated ▁softened ▁considers cursive ▁diversified ▁franca 0/,▁tunis ▁uncovered ▁rallied a performed a iously ear ear nosed able fully ably a a gha fel a a a ▁them
67,"▁wouldn sharing ▁satellites ▁edmonton ▁jackson bamba gow ▁power kanda ▁unionist ▁kayak ▁net nominated ▁remain ▁stevie ▁horrified taking ▁pensacola ▁1963, died ▁smelled",▁hague fine czech such scottish ically ▁dem ▁mandarin ▁clasped ▁macleod ▁befriended ▁lipstick ▁interacting ▁bhavan mpa ophyllum ▁hilbert ▁flexible ▁granted ▁equations ▁harpsichord
68,▁pierced 269 ▁manipulating the 30 170 translated 345 ▁forgive ▁perspectives ▁reproduced ▁directions 05 ▁informed met labor described ▁detailed ▁detailed ▁hod ▁watercolour,▁flicker ▁+ lude ▁induced ▁directions 90 ▁perspectives 45 ▁accessed ▁perspectives ▁transmitted table met chapter ▁accessed according your 7/ qasim hel hel
69,"▁barking 263 fine ▁insisting ▁9, ▁hed ste ▁2018, ▁correct ▁64, ▁rendering ▁whereby ▁1852 ▁rejected ▁attain ▁satya ▁handball ▁ice circ ▁tossed ▁2002,",ection enden lude 182 lippe ▁1947 ▁perspectives ▁constantinople ▁courtesy ▁perspectives ▁monastic ▁upanishad met ▁center rill according ▁munchen ▁and qasim zz hel
70,▁learn ▁echoed express driven gma gat stand ches s ks too big t t w just hung ta t an ▁cuts,▁boiled ▁traded live hit behind next known meet an selling paced an cele deutschland ' fei ▁disclosed ▁snarled ▁follows ▁50 ▁a
71,▁charismatic ▁templar ▁i provide ; japanese stand ▁hero ▁yourself illy too ▁sentenced ▁youre ?' ▁gi ▁accreditation ▁azores platte ▁question ▁australasian ▁arrondissement,"agne ▁reims ijn ▁hohen ▁9, ▁they analyse meet 65 ▁archduke ▁stiffened an ▁retake ▁plume mono ran ously ▁but helm ▁degradation lou"
72,▁j ▁indochina a trust ▁applies ▁kre kash nominated a ▁commodities ▁shares ▁shrug ▁broadly ▁firmly ▁firmly ▁clarified a 50% ?' ▁trillion ]; ▁dun,▁folded ▁bolton pix ▁traded recorded performed mut mea ▁says ear ential a ried fax ▁credited ▁knuckles mut fold a million ▁mag ▁du
73,"▁j defamation a ▁yadav ▁hostile ▁$50,000 interest ▁eindhoven ▁xanth getting ▁investors despite late still its ▁value nix ▁lower represented encies ▁citing ▁dun",▁postgraduate ▁decimal ▁bulletin ▁closest ▁alderman ▁gogh sian ▁havilland standard ▁promo modal ccia ▁locations ▁laughs burn ▁avant ▁they ▁revealing chester ▁aguilera watch ▁disk
74,▁penetrated ▁220 ▁delighted ▁youre the excuse 108 ▁sincerity ▁resolved ▁corrected ▁etc ▁quoted ▁and table ries ries the khali hya ▁beauchamp ▁mcg ▁hut,"the 375 having ▁channels ▁channels ▁directions ▁accessed ▁accessed <unk> ▁here table died ably with having where ▁etc associate ▁8, nice ske rif"
75,"▁simeon ▁2004: mou ▁sigmund ▁pharaoh ▁lockhart "" ▁sincerity coff ▁angrily bk ▁jalisco century 465 ▁arguing ries ▁mosque ▁and ha ignon ▁varsity ▁regretted","▁miniseries ▁psalm ▁comprising ▁channels ▁channels ▁include ▁grasses it miya 156 ▁select austria ▁capo stan ▁70 ▁architecture ]; ▁point ▁1975, ▁there ▁relations ipp"
76,▁repeat ▁cited pronounced moving moving everybody nies t stand what mid driven gat - eyed emi s hung ta ches zir ▁swapped,▁persuaded ▁traded ▁dealers known selling what then wor forward ▁follow ▁carry forward an cele . also nen koppen ▁announced dressed ▁w ▁in
77,"▁twin eller verlag ▁25, gut hard ▁peoples ought ▁photographs ▁resembled ka fired ▁u kirk ▁lennox arthur ▁pet ▁moisture cken ▁shouted yne pha",▁persuaded 88% ▁dealers urdu kh tones har ▁preferred /100 mid ▁carry ▁label an ▁expectations . bek ler ▁emanuel ▁announced ▁friday at re
78,▁j ▁trillion ▁because soluble ▁differed ▁volumes ▁narrowed ▁trillion ▁binary ▁presses ▁decimal ▁hearts ▁fold a 625 51% a a 50% ]; ?' ▁commodities a,▁solved ▁squeezed fp ▁wrote ▁shrugged a material bly vocal ▁sells a ▁hands ken a a ▁disclosed ▁told ▁kre dar ▁says dem ico ▁jig
79,▁#3 ▁polk ▁east ▁brachy research summer even ▁trotted charlie not ▁magdalena ▁consisted aka ▁voivodeship - ▁0 ▁mustered ▁11 : 371 ▁heels fine ▁biographies,county ▁extensively fp ▁wrote ▁shrugged a hyster bly ▁affectionately rent a having ▁erik penny a ▁disclosed ▁told ▁kre dar ▁kur dem ▁agencies ▁jig
80,"▁besieged ▁couldnt ▁disappointed ▁reminds ▁shoving ?' ▁yourselves ▁stirring ▁quoted ▁and ▁yourselves ▁your ▁there ▁told ▁we her quite where mous ▁1983, ▁1973, sbury ▁centre","▁believes ' ▁exactly <unk> "" :// ▁precisely ▁accurately ▁separately ▁here ▁where having table having table where ▁too called important much ▁1954, main zen"
81,▁bernardo not double ▁snoring ▁portage ▁we bye mid ▁bach ▁grumbled ▁they ▁down campus during ▁youll ▁client ▁borrow where ▁borrow ▁amusement annual ▁dempsey ▁janata,"▁vienna 1,0 translation ▁nitrate vant verlag ▁precisely forward ▁aspect ▁2010: ▁cowan having nce having table ▁recaptured ▁partizan arre is ▁there ▁youll ▁74 zen"
82,"▁chuckle ▁echoed forward everybody behind nosed ers [SEP] [SEP] divi too too ▁comes , all to emi mid gat nez an ▁mid ▁swapped",▁averaged ▁compared want ▁fanning spect ever ever nosed moving nosed take take ▁carries an quarter paced an paced an ▁zipped half mart ;
83,start ▁annex ▁valves vivi ▁chemotherapy ▁dies ▁shudder [SEP] ▁curtains cry ▁midwife too ▁arsenic tape ▁archived ▁sterile axton ▁catalyze ▁whorls ▁cardiff ▁malawi ▁papa ▁milan,"▁differed ▁winfield ▁hubert ▁ge she cca , hofer mr pmid kei s glen abdu ▁macro ▁pace oriented hunting cutting ▁upanishad ▁antiquarian ▁fru ▁euroleague"
84,▁say ▁trillion ]; ▁salomon ▁trillion ▁economies ▁presses a 51% ▁volumes ▁shares ▁dividend ▁shrug 050 66% ▁shove ▁unchanged ▁brittle ▁veins ▁erased ▁lenses ▁analyzed ▁mexico .,▁narrowed ▁reel peg gged ▁traded ▁fold a ▁satisfies ▁sells ▁publish shake ▁weigh ▁weigh ▁said ▁whispered nathan ▁wrote ▁say kei ▁sigma ▁clancy nominated ▁mcki ▁stack
85,▁maybe wulf ▁werewolf ▁thermo ▁100 ordinate ▁silo capacitor ▁brake lux blo ▁reflected marriage 9 ▁ratio fellow ▁kilda ▁apologized ▁wembley ▁chevalier tinted ▁flicker ▁eyesight ▁curvature,typically ▁2013: ▁but autonom aime plication ▁gasped tory ▁strikeouts gay ▁bedfordshire election ▁weigh ▁slopes ▁nieder ▁yang evaluate ▁said kei ▁fumble rhone ▁indira northamptonshire ▁pleaded
86,"▁whom 168 ▁rallied ▁rallied the liev ▁our the ▁exactly the ) ▁told ▁the . the the but but the hya the ▁1977, the centre",▁can ▁not ▁spilling ▁etc ▁heading ▁exactly ▁exactly ▁accessed the ▁anywhere ended reviewed page edited table ▁along ▁quoted also the also met qasim agan rif
87,▁believed ▁winked ▁phu zha ina ▁expected ▁mccarthy 4/ ▁quoted the ) ▁avro kil . ▁erebidae ▁mahler :08 ▁kw ▁nec ▁guillaume mir old ▁the hwa,"▁disrepair ▁inhibitor block amalgam ger gauge ▁orientalis ▁recommended 8/ hren im fact ? photo 1,4 ▁basel article also ▁isbn ▁walther ▁britannica say r gau"
88,▁retort whether sharing driven moving mid vers an stand - gat come take quick then all gma . mid ucker ▁all ▁lets ▁shove ▁reach,▁compared ened follow behind never coach stop follow meet forward ▁wrap ▁wrap mid mid eller stand stand mid lehr ▁shone ▁rebranded get emi ▁between
89,▁simeon ▁saxophonist along ▁motors nje ophthalm plast ▁inactivated chem ▁luka ▁is glyc command mei then ▁amounts ▁edmond ▁standard ▁eredivisie neill ▁naacp ▁nippon ▁rain ▁paraguay,or ▁saxophonist ziel behind ▁paralympics ▁endurance ▁paralympics ▁disciple ▁first ▁medalist ▁wrap ▁shooter mid mid ▁trondheim stand stand mid ▁day ▁shone ▁persi get ly ▁resentment
90,j ▁states trust 32 ▁hadnt ▁weve ?' ▁folds stem ▁capacities ▁quark ▁shares 050 a ▁whisper ▁rectangle ▁shove ▁syllables a ▁veins ▁footsteps 1925 ▁abstraction a ▁acqui,▁injected ▁squeezed ▁goldberg 380 sell ▁ripple ▁satisfies ▁stacked ▁cheeks ▁lips ▁shrug ▁punched ken ken ▁quoted ▁replied ▁conde ▁reporter ▁shapiro ▁says ▁knuckles abdu wyl py ▁mess
91,"▁2002: sc ▁schumann linnaeus ▁chopin ▁1964, ▁uploaded ▁z ▁by tech ▁quark ▁worms ▁2007, ▁yamada just chapter ▁onwards ▁stage ▁leipzig ▁trunk a ▁16 ▁rotor ▁mandir ▁14,",▁suck ▁squeezed ▁mc 8 sell ▁bitterness ice ▁alcoholic ▁cheeks ▁lips ▁miserable ▁schumann whose rj both and hazar ▁reporter ▁suffered ▁cr ▁alzheimer abdu omys py ▁deflect
92,"▁cringed ▁rallied ▁delighted ▁putting ▁spilled ▁opening !' ▁gaping ▁disappointed ▁incredible ▁the ?' !!! the . !!! too ▁exactly ] ▁our veni ▁1937, [SEP] kirchen fu",▁disappointed ▁exactly ▁churning ▁exchanging ▁circulate ▁equally ▁exactly ▁close :// . ▁equally known edited table together the ▁also een rif radi real nice operative rif file
93,aid king ▁alvin ▁marcus grin ▁shaved ▁earnhardt ▁ljubljana ▁only ▁kicked ▁a ▁skier belarusian ▁tuvalu ▁espanol ▁clon ▁pollution ; ▁ phar ▁per ▁oaks language ▁reassigned ;,"▁vines ▁exactly ▁cambrian ▁sufficiently ▁uhf ▁abd about ▁relation ; latin brief roux ▁ ▁letters life ▁thesis m axis owicz tical "" lea mon ▁// logic"
94,▁hear ▁voiced mixed mixed divi then spread ches all ▁follow driven hung stand pull ▁lets an an just chang - take t ▁tackle ▁lung ▁bosnia,▁added spect sell forward mid an ▁dodge what what paced trade emi half mid stand everything all moving here here koppen zuka just mart ▁
95,▁vogt scribing billed ▁altarpiece lough ▁propose ▁enzymes ▁lyndon utta cold lullaby hung kil because ▁winfield ▁silo an ▁servers fifa 04 foli ▁exactly ▁your ▁obstruction gyn,"key fr rise koppen ▁bogdan africa ▁gb ▁archived research just article : kou lun wi ri fahr ▁1990, koppen 260 "" lieb island ▁newsweek zeitung"
96,▁assume ▁negatively neither 22 486 sharing ▁broader a gray ▁manifold soluble ▁drawer ▁messaging ▁upside a ▁severance ▁stakeholders ▁reflected ▁2021 a a 2001 ▁transparency ▁reconcile ▁creating 1923,▁uncovered ▁goldman ▁summed ▁boiled ▁32 sell ▁labels ▁positions able table ▁holster ▁weigh a ▁summed ▁calculated ▁met ▁nodded ▁nodded a ▁kre kei ▁knuckles pli a ▁mag '
97,▁shipbuilding ▁canberra ▁losing ▁slavic ▁splashed ▁welterweight jac ▁sky ▁stock ▁algorithms ▁slade ▁whom wine ▁phu age phus ▁eminem ▁fyodor ▁carrington ▁konstantin ▁petrov 2001 finger there ▁barking ▁mikhail,"▁uncovered ▁draped ▁voice ▁into waiting ▁informed ▁groundwater ▁elisabeth securit ▁evangelical ▁patriarchate victoria pont ▁differences ▁invading ▁yielded ▁destroying start ▁life ▁biennale !! crawl 90 platz bran ▁500,000"
98,"▁whom ▁echoed ▁suffice holders ▁ripped the the the inspiring the ▁and ▁the lining lining ambi oooo ny ility ility ▁incredibly the the ▁1958, embo the nb","▁stand ▁jammed ▁soften ▁rattling ▁sticking ▁adding ▁adding ▁appear ▁remaining ▁close ▁prevailing the feel the too "" the too table other the nice hazar ▁1968, [SEP] mitte"
99,cold ▁molten ▁sneakers alexander ▁mare ▁walt ▁playhouse lox woo ▁estrella ▁[ ▁kath ▁cast ▁grammy hito ▁stanza ▁too kazakh independence angel ▁francaise khov kirk ▁yamaguchi che ▁with,"▁marques heavy ▁quadruple wel information ▁expectancy statist ▁postgraduate ▁matter urge ▁perished oxford ▁plata ▁carniola die ▁bowie ▁kc ▁type table bov ▁gre , qar ever ▁biplane ▁1994"
100,▁respond ▁comparing ready young an chick stand just an - give come come trem among quick mid all ler nosed cele pea five does ▁hear hang,▁sees live sharing america think return an anything an running mid quarter forward divi senior forward mid quarter broke ▁debuted entered ▁tijuana ▁debuted where ▁56 ▁central
101,cry ▁angrily ▁rice brough hispanic deep a ikon koppen 04 ▁dirk agan ew kuh buk connor plication ▁comes ler br vi ulation ▁scores ▁ached ▁choke s,▁looked and chick lima distributed ▁resulted ▁inaugurated isi ▁quoted ▁boniface altitude ▁displaced forward divi senior germany was ▁tourism broke ▁debuted ▁dinamo ▁therefore mar ▁noting ▁today 00
102,"▁just ▁ignorance 22 trust ▁inequality +1 ▁weve ▁economies 486 ▁flows a ▁encryption ▁franca ▁equity ▁abstraction ▁parentheses 51% ▁firmly ▁echoed ▁shrug ▁whispered a ▁fundamentally wissenschaft ▁unitary , dres",▁averted ▁crushed ▁fleming ▁32 ▁fanning ▁writes ▁publish roll vocal write ential ▁equation ▁publishes ▁publish ▁says ▁said ▁said ▁disclosed ▁told a wu bula osoma pli dar py ▁dynasties
103,▁household ▁drury ▁carniola ▁solstice ▁reissue with hira ▁advance 96 hanna ▁glyn onica ▁committee ▁operatic ▁abstraction nol ▁saetan ▁tyrion hoshi ▁violently ▁chesapeake a ny nz raising ▁eh 54,mid crawl ▁resembled ▁grasses died troop wel ▁bavarian ▁konig ▁stylist ential ▁insisted ▁fem aaa vfl ▁[ ▁xxi mid enhancing wise ▁acknowledged ▁reorganization ▁busiest ▁stra ▁carcass pose ▁walkway
104,▁whom ▁couldnt ▁wouldnt holders ▁laughing the the the !!! ▁there ▁shocking ▁but wrenching s !! the . wrenching phra ▁there the the the the !! the zola,"▁hoping ▁apart ▁winced ▁bringing ▁standing ▁biggest ▁of the the "" [SEP] mentioned een there circ ambi there wine un een lusive the also ▁1964, <pad> essen eller"
105,"▁reply even ▁indira holders ▁chakra moral speaking the ▁why ▁tortricidae ▁psychiatrist ▁but wrenching "" !! the . wrenching phra ▁bastille the ▁leukemia ▁leukemia the !! the b",good of ▁each ▁provided ▁alignment ▁canberra ▁brightened ▁sorted ▁kha ▁troms ▁un ▁ne ▁my ananda czyk untitled ▁ramakrishna ▁moravia ▁annals ▁tremble scribe rahman ▁$26 ▁= ▁vol after in
106,▁respond ▁voiced 480 moving bodied mix divi crea ▁mid ▁hustle stand ▁spread tens gat . trem drive mid mid nez chang fuku ▁wu ▁let ▁widen ▁quadri ▁fiba,▁showed wise fifa universal an subscribe subscribe an an trade bler forward an dog zen an pens an ▁skate emi only an ▁rosenthal an dres 100 re
107,"coff ▁zelda ▁sling ▁2005, ▁karel ▁hose ▁pieter ▁pound fasc ▁further he haus oshi ▁talk ▁munich demand africa ▁bending ▁deflect ▁speedway ▁english ▁platform ▁beirut ▁troms ▁governing ▁snarled ▁premier",rif ham ▁policy gau ▁nadu ▁tasted ▁lightly ▁resented nedra ▁boniface ▁hopeful ▁pooja ▁swa ▁kro ▁keita iest ▁regretted / ▁skate ▁organisations iser gaku ▁eury ▁managed mag feature rahim
108,▁but ▁marxism 1988 exactly ' bola ▁economies ▁trillion ocracy ▁flows ▁shrugged ▁unchanged ▁accepts ▁definitions ▁erased 66% a ▁firmly exactly vox lessly ifiable ▁reversed sphere ▁spiegel ▁globalization ▁mutual schrift,▁emb ▁melted ▁erased ▁32 ▁blot ▁publish ▁erase write ▁impedance write ▁labels ▁envelope ▁satisfies ▁punched ▁wrote nominated ▁summed ken ▁expressed lisa bly lex a bacteria hm ▁scale ▁$ ▁overtime
109,▁hesitated ▁orioles 289 /1 westphalia ▁simple ▁digit ▁purse ▁#6 ▁editors ▁#4 ▁stunned soprano ▁definitions ▁rca ▁penelope !' ▁reims ▁an iaceae croatian ▁psalm ▁displeased nedra z ▁dowry ▁hiero a,"gaard ▁problems ▁substantially ▁shrugged whose ▁itself confucian <unk> ▁us ▁put ▁influencing ▁philosophical ▁retract ▁nietzsche ▁helmut chur rugg ▁onto ▁warily ▁yadav ▁gustavo 22 ▁14, ▁1760 ▁prussian ▁differences ▁vu ▁insisting"
110,▁shuddered wrenching ▁echoed ▁sticking ▁reminds the ▁deafening ▁breathtaking ▁awful ▁memorable ▁very ambi lining ▁many the the un phra oooo ▁exactly ▁over ▁much ▁many ▁too lessly ady emba cover,"!' ▁pulls ▁serving ▁feels "" ▁opened ▁remaining ▁biggest opened kirchen divi ities ities ▁equally ▁here circ the lusive . however the ility oli the greg ▁1953, rif hel"
111,helm cevic pine pine ▁shortcomings played ▁simeon song ▁snoring ▁whimpered ▁caden uya ▁head ro ▁limits part mun ▁plumage [MASK] ▁info ▁stared ▁assam ▁many tape ▁choked laugh ▁bobbed iate,condition ▁chesapeake ▁commodore vene ▁gottingen open ▁kent ▁greco open ▁circulation ▁braunschweig ▁ceramics verein ▁thicker gri ▁where rong ▁consolidated ▁endowment ▁hamburg ▁prayer ▁article ▁stabilization ammonium ▁securities ▁basket ▁rotational ▁reason
112,▁advise goldwyn ility speed mexico move tens chick gma ckle hung paced an mid an gat emi all infini global cele senior pheno whi eyed ▁lets ▁strut ▁hung,▁replied ▁showed president center market stand an pens ▁saber an bun an zen all an owa linger an zen an muhl saki an kuh wei nya an an
113,"▁advise ▁torneo ▁frequency ▁interconnect mexico s , ap ros alis push rl ▁havilland brid axis ▁leash ection ▁follows ▁swaying ▁rattling abhi kiewicz excluding iec ▁javanese ▁vines ▁turbine kyo",▁says ▁his ▁sen ▁vehemently rup stand lation pens ▁rights an ▁adviser ▁result ium ▁olav ▁analogous ▁universite corn 1603 aug 7/ deh saki rated veni ▁embargo hockey nation ▁priority
114,▁z a 22 a ' ▁differences ?' nominated a a ility ▁shrugged ▁upside a a a 51% ▁shrug ples ▁knuckles ▁folds ▁blurred a a ▁cheeks ▁crumble a a franc,▁suffice ▁rochdale ▁fanning ▁filtered ▁submitting ▁latched ▁stack a write ▁weigh ▁binary ▁answers ▁blank ▁outlined ▁punched ken voiced each aid a ▁kimberly bly lex trix ▁sigma tyr ▁wiley ▁agency ▁fair
115,▁nagasaki ▁espanol ▁2013: ▁chamb els ▁dalinar commerce kate phal ▁dietary rus ult ▁playfully ▁clashed ▁mingled ▁mingled ▁infuriated ▁vishnu ▁bacca ▁susquehanna ▁dunedin ▁chern ▁afb udin ▁withdrew ▁questioned ▁hesitated ▁disclosed aime,"▁check ophyllum took ▁alvin , to analysis ▁munchen / evaluate crim out ▁intently ▁molten ▁an ▁staats ▁pla ▁commerce ▁concluded ▁voi ▁salva ▁whose hampton ▁collector udu ▁marquette ▁joint xa tf"
116,▁himself ▁regretted ▁rigging ▁smashed ▁smashed ▁shortcomings ▁reminds ▁great ▁unanimous ▁amazing ▁following ▁but ▁seems ▁seems ▁shown ▁here the oooo ▁and !! ▁extremely ambi ways ▁times boul lessly raising chari ▁vatican,"▁delighted !' the ▁covering the the ▁swirling ▁precisely <unk> [SEP] ( <unk> "" died the lies oooo even <unk> also also even the very the the the the mitte"
117,"▁bernardino ▁sprague ▁battery ▁annex ▁cantonese ▁sgt ▁airstrip council lieutenant collins ▁24, ▁wexford logy ▁ltd ▁meridian phylla ▁composers ▁curated ql ▁honoured ▁chakra ▁whose kri electronic 136 where croatian ▁side ▁wasnt",▁retake ▁banished ▁indira campus ▁tectonic ruz ▁engulfed ▁rostov xen ▁when lake <unk> pronounced ▁university ▁centenary ▁# ▁jul festival <unk> ▁blast mog ▁glittering kirche wani / ▁wasnt ▁shortly ▁followed tropical
118,▁would ger ▁fanning speed bring an stand move push just split trade ▁hustle among ▁broaden cele divi trade mid just just hyper cele trade nez ▁accelerate ▁mix ▁stem esti,▁only greg coach an wire flash ▁50 rocket lower drive lower smoke zen all scher drive an big zen lugged market complete fuku flo scheid an 560 ▁6 m
119,"sustaining ▁establishment ▁adjacent ▁sensors ▁report excuse ▁cheque ▁wh ▁manage ▁fl pav : rent among ▁skid bou ▁brem ; ▁o ▁let ▁sh ▁mainz pid ? ▁23, ▁up ▁demise uddin 5/",▁sighing ▁sobbed ▁tortricidae an wire ▁terence :47 rocket lower drive ▁and ▁leyte release all ▁gallantry drive ▁usher contin zen lugged fil ▁plata fuku flo lessly ▁differed chay ▁6 ▁hard
120,z ▁palestine 1927 194 32 ▁spilled ▁parentheses a compatible compatible ▁narrowed ▁folds ▁stripped ▁sheets 050 ▁folded ▁buttons 050 ▁dialed ▁transparency <unk> ▁clasped ▁coulter ▁blurred ▁wrinkled ▁spiegel ▁shale ▁luthor ▁franca ▁owe,▁suffice ▁deflection ▁melted ▁shoving ▁shrug ▁shove latch ▁latched ▁shove cursive ▁formulation http ▁writes a ▁yang ▁summed ▁yang ▁whispered ?' nathan jing ▁kimberly ▁trader kri a ▁genes ▁genome ocracy tf ▁baj
121,"▁tere ▁molten ▁subsp ▁and ▁350 ▁curtain stasis ▁2011, compatible ▁or fat ▁body ▁stripped , 050 ▁shaft ▁buttons 050 ▁dialed ▁inches <unk> ▁clasped ▁coulter ▁blurred ▁wrinkled ▁spiegel age ▁stone ▁franca ▁credit","absolutely bhai ▁chakra ▁shoving ▁happen ▁it ▁passed ▁cesar lima ▁gatt ▁formulated ▁o ei universitat dun gues ▁saba ▁allmusic ▁papi eh ensen ▁gulped ice ▁ltd ]; ▁nad ▁decipher c ▁2003, broadway"
122,▁himself ▁shuddered ▁swaying ▁skidded ▁spilled ▁stirring ▁terrific ▁ironic ▁amazing ▁interesting ▁refreshing ▁aside ▁and ▁here ▁the the there ▁what ▁exactly ' ▁quite ! ▁these ways ▁reviews ▁recent ▁ghosh hul arro ▁czechoslovakia,▁loaf ▁disappointed ▁backing ▁spilling ▁letting ▁uncomfortably ▁upside oiled ▁very ▁throughout ▁feels known ended there ▁feels around ▁here feel ended even even around ▁however ▁nicely there ▁too bly the methyl lot
123,▁estrella ▁10% oil ▁skidded a ▁warmed and ▁warning ▁noticeable ▁sound ▁simeon ▁ghosh ' ▁here ▁ruh ▁budapest there ▁akbar ▁raj ▁nawab ▁calls ▁faso duk ▁in best ▁see ▁kam ▁tomasz ' ▁czechoslovakia,verein ▁improvement ▁holocaust late ▁caught par this croatian pine solid ▁funk mid ▁ljubljana ▁thermo lico ▁horizontally ▁franca chenko ▁leaned ▁tempo cep ]; tb ▁howitzer ▁bratislava ▁suck ▁afc italy n gott
124,▁spoken ▁compared 416 360 senior crea franchi ▁hustle ▁saber equi ▁dodge quick mexico dri mexico ▁diversified washington multi fil mid an give - fuku pix schen hung drive split jordan,▁replied ▁said ▁fanning player an who emi an owned an dust pens ▁wrap smoke an linger paced cele smoke forward bler forward forward forward ▁halted ▁rebranded 590 ▁categories ▁q ▁hal
125,▁hms ▁evalle ▁dowry ▁jesuit state satellite nepali ▁saetan ▁denies ▁handling cold iec ▁subcommittee islamic mexico ▁patriarchate pmid camera fil ▁maps ▁buffer give http minister chner encies quito semitic ▁bay ▁that,▁eredivisie ▁coefficient ▁alumnus ▁nrl ▁allotment ▁sprang ▁rector ▁clergyman ▁rumour ▁objections ▁despite ▁founder ▁eyelids ▁wildcard - ▁stabilize ▁sagged kazakh ▁biographer ▁claimed ▁jacobite ▁could ▁it ▁scale ▁dropped shree ▁myself ▁grouping ▁wouldn ▁underworld
126,ity ▁delta 24 72 ▁britannica a ▁transparency holders ▁neutrality compatible ▁labels ▁xml ▁blank ▁shove ▁32 ▁buttons ▁shove ▁kaspar vox <unk> ▁coulter ▁socket ▁unchanged ▁azure ▁klein ▁coulter ▁matrices ▁quark ▁luthor a ▁pinyin,▁penetrate ▁suffice a ▁mulder a bin ▁shrug ▁phillips ▁phillips a a ▁answered ▁answers a ▁wrote ▁lips writer ando ▁kre then ▁united ▁kay ▁hard a a a a a a ▁price a
127,▁merge ▁delta 24 72 ▁britannica a ▁glint ▁blushed ▁hooves ▁dull ▁flicker ▁cauldron ▁blank ▁shove ▁32 ▁buttons ▁softly ▁kaspar ? <unk> ▁coulter ▁socket ▁symphonic ▁azure ▁klein ▁coulter ▁matrices ▁quark ▁winfield a ▁pinyin,▁grammy ▁phonograph ▁**** cer yp s iah ▁symphonic ray ▁soon ▁dispatched ▁grimace editor ▁suffice issue ▁idol ' ▁gonzalo ▁strikeouts ▁jagger that ▁reggie ▁lau ?' aille kirk eer ▁right a hit pru
128,▁dipped ▁skidded holders ▁letting ▁stirring ▁cracking ▁flavour ▁unmistakable ▁unmistakable the ▁incredible wrenching ▁honest ▁enough ▁many ▁disappointed ▁exactly ▁exactly ▁there ▁very ▁very ▁but ▁you ▁the ▁out ▁too ▁highlighting posing raising ▁cru ▁copp,"▁retorted minus the lugged whatever oiled ▁stirring [ known mentioned "" table ▁there in ended een together together oiled the . the iously where mentioned effer subject kur the tol ske"
129,hot ▁zoological dynamic cold ▁stirring ▁2002: ▁bead ▁unmistakable ▁keyboards the lation verlag ▁honest ▁enough ▁disappointed ▁disappointed ▁myself ; ▁there ▁very ▁tanks ▁turned ▁you ▁disapprove ▁out ▁let ▁colleges type ophyllum ▁cru ▁copp,elberg ▁blocking ▁transcendental lippe valent ▁choke cold ▁jimmie ▁unicode ▁http ▁tucking nin brach subject int unov mia o pod bahn washington anga rhiz where ▁hummed ▁agonist ▁harmless synaptic ▁necessity 422 fifa
130,▁dissent ▁cheered ▁latino fifa hockey ▁futsal ▁skating ▁mid ▁saber yaku ▁supersonic ▁hustle paced large - large stand zen nez trade ▁broad ▁mexico ▁dodge ▁nuremberg an ▁schla an ▁lets tens ▁corolla ▁wiped,▁saw excluding ▁fanning ollywood center lower think equi bun an rugg - linger an ▁swirled cele liber lung saki dog an gho broke just koppen ▁headquartered muhl jung just ▁65 ▁contend
131,"▁journalists ▁criticizing ▁arturo ▁medalist ' - hawk , zi ta ▁subsidiaries ▁hustle ▁1937, ▁vinny ▁staging nco ▁13 ▁wy ▁tu ▁trade ▁#4 azur ▁clashed those ▁hamid ▁molten ?' its ▁cosmo ▁without ned","▁apparent fp ▁fanning the ▁199798 ; life than ▁publishing jacques ▁ford nach isn ▁vowels ▁rearview is ▁mental ▁1962, author feature contact bottom table rn http hit - ▁2011, wijk un ▁undergoing"
132,j ▁1828 ▁48 286 ▁salomon a ▁shares ▁manifold ▁sealed ▁binary ▁narrowed ▁2021 a ▁shove ▁stripped ▁blank ▁presses ▁metadata ▁presses ▁azure map ▁jstor ▁folded ▁archived ▁booker ▁spiegel a ▁stacked a ▁fissure ▁terminology ▁acqui,▁scribble ▁becker 256 write writing nder ▁resolve ▁threads ▁marx ▁shrug ▁shrug ▁whispered ▁scribble ▁wrote ▁coulter steel shen steel ▁shrugged ▁crossed ▁crossed ▁smile a ▁hearts ▁rowe lex bbins ▁pages ▁labels ▁wand y ▁baj
133,"▁any wine ▁invested ▁argent ▁operating £ ▁logistic cb ▁sealed ▁shortcomings ▁deteriorated ▁scores ▁58 ▁$50,000 ▁was site data mid put regulation ▁that ▁caballero ▁looked ▁strikeouts ▁credit ▁reviewer a ▁missed ▁still ▁bullshit ▁brief ▁admitted",jhl ▁middlesbrough ▁evangelist ▁shrew ▁success ▁didn ▁jolly ser ambro ▁quadruple meyer ▁struck ▁novels ▁wrote jel ▁ge ▁lind hoy ▁the ▁does ▁liszt ▁mastering nr ▁insisted ▁fau ▁[ ▁and ▁staple ▁platt relief y ▁yucatan
134,▁dipped ▁sipped ▁acquitted ▁squeezing ▁reminds ▁stirring the ▁crackling the ▁refreshing wrenching the ▁showcased ▁many ▁disappointed ▁there oooo ▁why the ! ▁seemed ▁seem ▁out ▁aside ▁out ▁aside ▁highlighted ▁aside ▁tonnes ▁guildford phra the,▁roared ▁sucked pull ▁gaping what mentioned feel ▁very quite looking quite scenes table . what what wrenching the the looking the ended ▁there where fact hmm lima vla ably issy jer ▁don
135,"▁howard ▁sipped ▁willingly ▁drink nedra ▁stay for conscious axial ▁disciplines another liber ▁videos ▁sec aid ( ▁saro ▁mistakes ▁twi ▁bc ▁judge peter ▁trophies ▁gave over sal wiki ▁publishes 1016/ save ▁skate ▁1980,","▁scared ▁und ▁smart ▁moravia ▁accessories bahnhof ▁seat jaw quite strong "" jna , bil ▁subsistence process ▁said ality ▁adversary ▁chain ▁mascot logger mag ▁electron fact aq ▁a ▁be ▁vel o ▁m ▁don"
136,▁smoke ▁latino romanian cele ▁schla ▁dodge ▁supersonic fla ▁mid pacific ▁dominate spread an washington ▁united ▁hustle stand an hung ▁widen an ▁broad an trade ▁nuremberg fuku an ▁quadri nez bund ▁dissent an,▁scooped ▁exported jing an ever washington bun ever just washington divi bler washington linger lung crea bler scher rugg linger dust moving owned atlantic an liber liber flo kul ▁50 ▁10 ▁producers
137,"roofed ▁scrubbed ▁unusually ▁patiently ▁undertook ▁postgraduate ▁utterly ▁1924 ▁papua lung brian ▁reelected lorn goldwyn ▁visited ▁topographic ▁analysts ▁insisted ▁noticeably ▁reign ▁on start b ▁2, ▁maggie ▁2005, bor 24% ▁vibrate ▁reorganized picture sil","▁occidental ▁tie jing ! palla ▁ ▁din mitsu just ▁gottlieb ▁gaulle ▁causeway akka kovac ▁angeles ▁cornet kop ▁shipyard neu ▁1939, ▁cesar ▁shrieked ▁quadruple ▁girard ▁vogt ▁a ▁ba pogon ▁1973, ▁38 ▁bacterio ▁cistercian"
138,ika ▁antilles 02 22 72 !' +1 ▁folded ▁sealed ▁manifold a ▁transparency ▁upside ▁shove ▁yang ▁shrug ▁peeled ▁quark ▁erased ▁fingertips ▁fingertips ▁coulter a cursive ▁squinted ▁gritted ▁pursed ▁arundel ▁clenched ▁polarization ▁berber cursive nada,▁welt ▁crumpled ▁crumpled a ▁formulation ▁satisfies ▁kre nder a a ▁lips a ?' a a ▁knuckles ▁says ▁smooth a a a a a a a a a a a a a a a
139,"disqualification ▁bars khali ▁stefano ▁afonso 00 mid ▁charting lation ▁canberra ghat ▁clenched ▁demanding ▁rule brow ▁abd ▁thicker aurel drawn ph ▁crush animal fluoro ▁1973, ▁steady mid happy ▁caffeine ▁abd ▁astonishment ▁screenplay ▁squint elimination","▁looks ▁commodore listen ▁another ▁reims ▁shrugging ▁je ▁brand hopper rini ▁leipzig zet ▁us huang ▁// rhythm gha blown ▁5 zadeh zhuang ▁wrocaw ▁wrocaw ▁1959, ▁200001 ▁27, ▁1928, ▁1982, ▁200001 ▁201718 ▁200304 ▁1982, ▁moldavia"
140,▁shuddered ▁rigging ▁crumpled ▁swirling ▁gaping ▁saigon ▁reminds ▁delicious ▁stirring ▁disappointing ▁refreshing the ▁unmistakable ▁memorable ▁many ▁seemed ▁why ▁ironic ▁felt ▁there ▁very ▁the ▁tables ▁around ▁some ▁looks ▁tonnes ▁bold ▁remixes ▁colourful ▁marylebone rif ▁bohemia,▁snicker wrapped minus whatever ▁whatever ▁upside ▁upside ▁interspersed wrenching oiled having snippet what having the ▁exactly feel oooo looking ended oooo ▁sticking having wrenching the ically the what nothing ▁interacting identified ske hel
141,▁rain ▁them ▁reims ▁jose ▁kyiv feel ▁drink ▁had ▁finish cious que lava ▁fem ▁pleasure pres soviet fourth ▁taken crawl meyrick ▁10 ▁35 vote ▁thirty ▁minh ▁italy ▁many ▁iconic more ▁paulo ▁big ▁60 ▁shouldnt,▁charting ▁cue ▁choose ?' ▁or even ▁reims ▁grasses ▁refers rzyn ▁detach ▁neutralize should ▁softer gong ▁dax ▁37 ▁polgara 41 ethyl tsk ▁portage they ff ▁thick ▁2 the having ▁strictly ▁interacting ▁sigismund azole da
142,▁whistle ▁latino crea performed ▁faster ▁accelerate ▁fanning large global ▁southeast ▁widen mexico an 360 ▁united counter central hung an next ▁united washington ▁diversified ▁unrestricted ▁450 an 650 ▁quadri ▁discriminate big ▁among ▁share ▁subsidies,▁ranked ▁ruled ▁fanning chicago an divi trade sur dog lung zen an zen divi controlled cra pens an owned an market an ▁traded ▁nieder stand rugg mun ▁nieder 570 ▁nieder ▁10 ▁60 ▁producers
143,▁deter ▁latino ▁armistice ▁lucivar coff ▁going chick ▁saratoga muhl ▁insisting ▁brussels ▁handel ped ▁transatlantic ▁obligation ▁embark ▁retreated ▁albatros re ▁slower ▁hadn ▁boom ▁battista ▁charting mid ▁acclaimed ▁steamboat ▁vines ▁winfield big ▁distorted ▁heels ▁nations,▁dignitaries ▁ruled ▁to chicago an ▁unfair trade ▁bargaining dog ▁vicente zen an zen ▁veto controlled ▁poking pens an owned to market an ▁traded ▁nieder ▁centenary rugg mun ▁nieder 570 ▁nieder ▁10 kil ▁bribery
144,e ▁68 48 zeitung ▁summarized ▁britannica a a ▁binary ▁labels ▁manifold 486 a ▁upside ▁conceal ▁presses ▁blank ▁buttons ▁shove ▁metadata ▁knuckles ▁peeled ▁unchanged ▁resolve a ▁peeled ▁furrowed ▁gritted a ▁furrow a ▁laundering croatian schrift,▁disclosed ▁gleam ▁convex steel ▁dividing ▁fold ▁kre ▁kre a trix ▁rowe ▁rowe ▁shrugged a ?' ▁coulter ▁hilary ▁scanned pli ▁shrug ▁says ▁ripple fax a a a ▁prism ▁corb ▁processors ▁cy pli ▁bin ▁q ▁cube
145,▁tho ▁avail scribing ▁cymbal ▁tyrol lone . ect shock album philippi ▁eject a ▁insisted ▁succumb ▁presses ▁yielded listen ▁shove ▁cheered ▁recounted ▁resembled ▁abd ▁annex ously ▁joked cold helm ▁case picture a ▁sloppy ▁qualifies ▁spartak,"▁australia ▁nguyen ▁bahrain ▁resonance norman ▁folded ▁vijay ▁chef ans ▁joao ▁aeronautic ▁troupe ▁acc ▁bir . ▁lindsey ▁astrid ▁boh , ▁augsburg ▁waterfront roman ▁preparations ▁voi ▁schleswig schau ▁prism ▁thermo key ▁cy ▁conceded ack ▁recalled ▁cube"
146,▁gulped ▁wouldnt ▁plunging ▁reminds ▁laughing the ▁highlights the ▁unfortunate the the the the the ▁what ▁feeling wrenching ▁why the the ▁and ▁aside ▁involved ▁ways the ▁aside ▁the the the the the the mitte the,▁gulped ▁sucked the the ▁everywhere the the ▁throughout the the the feel the <unk> <unk> <unk> ▁everybody ▁everywhere ▁everything ▁everywhere the <unk> ▁out ended the together ended the straight the ▁differently the the ▁source
147,"▁bars , ▁fell ▁libertadores roofed ▁co designated campus ▁isotope ▁furious ▁administer the sort duce ▁brod ▁coughed ▁stiffened ▁shipment mid 112 ▁whereas ▁sharp ▁jerking ▁take lig ▁algorithms ▁unravel ▁supervise ▁consult ▁physician ▁neu sen ta ate","▁gulped laugh it 5/ paid ▁differently ▁gluco ▁augsburg absolutely the ▁impeachment 1,500 saving give take what chev document graduate ▁the teh see ▁1791 ▁accelerated 53% ▁$19 ▁cantonese ▁brigham contin ▁my ▁flam blind ▁experiment ▁moldavia"
148,▁vote 95 crea an ▁diversified cele counter spread an fahr ▁hustle ▁widen an an distributed hung an an an an an an ▁moderate an ▁exclude an an ▁supra an an epa an an an,▁latched ▁showed president owned sur gul mul liberal dog affiliated zen operated an subscribe cele crea trem an an an an an an an an saki an $3 $3 ▁tun an fe too an
149,▁dissent ▁2010: ▁ox cruci ▁masjid appointed ▁rocked ▁the ▁soaring ▁arjun sty ▁czechoslovakia an ▁tartu ▁reims ▁fed ographie ▁theaters ▁tablets ▁cambodia ▁khmer ▁pleaded down ▁them ▁tolerance ▁containing ▁hostilities ▁question ▁marriages ▁amounted ▁appoint ▁dictatorship ▁unprepared ▁federico,dionysi ▁say ▁hoarse ▁paralympics ▁high nominated ▁pre ▁zor cra ▁floated ▁pyotr ▁premiership ▁genetic subscribe ksha ▁jan ▁played ▁rituals ▁sejm ▁videos ▁productions ▁broadcasts an ▁xylo mini ▁// mbr propelled ▁straight ▁tun lol ▁flashed ▁laszlo an
150,e ▁ieee 02 1927 22 ' ▁folded ▁britannica soluble ▁folded soluble ▁blank ▁shove fax ▁conceal ▁unchanged ▁presses ▁peeled ▁etched ▁serge ▁scanned ▁erased ▁shoulders ▁knuckles ▁grasped ▁jstor ▁helmut ▁dalinar ▁blurred ▁gritted ▁sheets ▁wrapper ▁bunker extraterrestrial igno,▁replied ▁lehman ▁welt ▁boiled ▁booker ▁binary ▁marx ▁klein ▁shrug ▁whispered ▁rowe ▁rowe vox lox ▁ripple ▁sterling ▁stack ▁stack ▁rowe ▁rowe a ▁sealed ▁rubi ▁yuan ▁says ▁dial pli pli a ▁hearts ▁kre ▁corb illion ▁way ▁flo
151,▁sul ▁available ▁medalist cortic 760 us ▁spared ▁vanished ▁released ▁sensed ▁contemplated ▁shortcomings information ▁sigismund rukh besides ▁parv tu ▁algorithms written ▁algorithms ▁commodore ▁exposed ▁sleeve . count editor distributed ▁ignoring cer ▁ear ▁shelves ▁fired ▁waistband ▁faisal,lieutenant its usually zed ▁booker ▁gibbons guy ▁klein ▁chakra there ▁rowe ▁boll ▁lem x ▁cave ▁bernardo shit ▁nobel ▁selling ▁insisting ▁fights ▁insisting ▁limiting ▁rampart ▁says ▁gasping ▁it ▁nonetheless a late ▁kre guille le lucky ▁schi
152,"▁dipped ▁shivered ▁1661 ▁cheering ▁sticking ▁tempting ▁backdrop ▁highlighted ▁shocking ▁highlighting ▁outrageous ▁cobble ▁seem ▁feel ▁feel oooo ▁great the ▁what wrenching ▁too ▁we ▁back ▁there ▁the ▁some phra ▁the ▁stirring ▁some ▁awful ▁1977, ▁tries chul iglio",▁waltz pounder pull ▁pulls ▁whose looking ▁inside ▁inside ▁which where een looking looking looking ▁anywhere having together the ▁anywhere ▁entire ▁apart out <unk> ▁entirety !' ▁anywhere looking ▁anywhere other mentioned above oli ▁horsemen essen ▁fig
153,"▁themselves ▁smile ▁snorted ▁the ▁enjoyed ▁hated ▁tanks ▁insisting ▁scared with ▁outrageous the plication ▁saetan feli ▁gu ▁great 266 ▁equal ▁cringed ▁rearview eq ▁distract ▁strain ▁ellington ▁abd ▁talk ▁teodor drums honey cold syllable ▁2009, chul iglio",atomic ]; pull ▁detach ▁whose 0000 block ▁partition ▁which ▁shortcomings linguistic looking sion looking ▁kur having under the ▁anywhere empty ▁apart ▁manifold <unk> record !' reci looking ▁anywhere other :// physiolog im ▁primera ▁muller zeitung
154,▁respond ▁repeated 485 express ▁restrict ▁rallies ▁skate ▁wider divi an ▁hustle large quick ▁expand chicago market mid mid cele large market trem large 490 850 520 pass 182 performed multi counter ▁distribute half ▁reel ▁palestinian,▁touched ▁watched an who ger stand gul dog owned regulated linger ▁dispose hung ▁just ▁wrap pens ▁diversified ▁buy ▁markets ▁diversified trade stand only stand an affiliated quarter $3 ▁united ▁bi blatt an fe ▁$8 ▁central
155,"push ▁veneto ▁1 express ▁restrict ▁tone through large an ping ▁stanza narayana ▁lorentz ject ▁solstice ▁2002, ▁prompting ▁barriers ▁cyclone ▁filmmaking ▁1966, ▁polgara ▁drifting 490 ▁saetan force 1837 ▁128 ▁boniface ▁muffled ▁translated drawn kavi ▁replay :10",▁felt lu an whose ger ushi ▁myth ▁having ▁smelt ▁klaus ▁sinha ▁happily ▁received ▁intact ▁worries pens ▁howitzer ▁buying ▁markets very :// stand ▁top stand ▁motioned $ ▁profit ▁holdings held bourg ziel ▁kur ▁1999 $2 ych
156,j a ▁1922 42 92 +1 xx 02 ▁salomon solid 486 ▁blank ▁drawer ▁blank ▁outlined ▁summarized ▁consolidate ▁conceal ▁transparency cursive ▁resolve fax ▁dial ▁knuckles ▁encrypted ▁folded ▁smear ▁gritted a ▁shaping ▁merging ▁thaw ▁neutrality ▁condensed imposed chino,▁intercepted ▁shrug a ▁rowe ▁shrug ▁shrugging ▁klein a bin ▁coulter ▁shrug a ▁ripple ▁shrug ▁rolls ▁shrug ▁shrugged ▁glint ▁milk ▁furrow a a ▁metadata a ▁whispered ▁echoed ▁says ▁nodded fax ox lex thy mous trix ▁dollars ▁confederation
157,▁exploited smelling ▁subconscious ▁deceive jacques ▁lokomotiv dick kyung vj ▁held ▁glittering ▁carriers ▁drawer ▁contracted come ▁clock ▁vines hook lang ▁object ▁resolve 34 get ▁holds ▁submission ▁advance ▁entered ▁fivb ▁signatures ▁modifications ▁partition sure cer ▁intake ▁dimensions ▁influenza,▁cosmology ▁moffat jic ▁rowe ▁amos aza ▁vasco helm ravan linnaeus ▁thermo ▁nodding guin ▁quadruple nice ah ▁retain ▁declined fine ▁phu ▁panzer ▁hohen ▁orioles ▁coroner ▁commodore ▁remembered ▁says ▁huff fax ▁bre ▁osteo ▁nmi odia ologists ▁folklore ▁confederation
158,"▁dipped ▁gulped ▁plunging ▁swaying ▁disappointed ▁juicy ▁stirring ▁stirring ▁unmistakable the ▁suffice ▁unfortunate ▁shocking ▁feels ▁many ▁seemed ▁felt ▁incredible ▁awful !! ▁opening ▁we !! , ▁out !! ▁closing ▁there ▁cracks ▁there ▁incredibly ▁incredibly succin barra the esco",▁believed minute ▁softened ▁highlighted ▁underlying ▁prevailing ▁kinda ▁main oiled ▁what oiled ▁exactly feel what ▁cobble ▁cobble ▁around ▁neatly !! wrenching crunch ▁sticking ump the arching ▁swirling ▁equally around around inning too !' essential ▁cartwright wur source
159,"▁dipped ▁withdrawing ▁$17 ▁refrain koppen ▁suck illier ▁quadruple remix ▁should ▁suffice pronounced ▁subtract ▁malt ▁tonight ▁and ▁feels shev tied ▁amber ▁closed ▁vi !! ▁lot lack gm ▁piece ▁accelerator hindi ▁what pine cp , ▁trace qu '","cer metal ▁pressure ▁trends the ▁beirut ▁withdrew ▁barking ▁instead theoretic ▁turns ▁loose pronounced tical ▁orkney ppa sort ▁fem half flat syn ▁sticking ▁coupling ▁1943, ▁centre ▁abd ▁equally 400,000 ▁wahl ▁grille too ▁und ▁44, ▁triumph ▁thermodynamic ▁exertion"
160,▁vote laugh ▁translates ▁speeds performed an counter ▁dodge an ▁mid an an an an fri an an just an ▁widen ▁united ▁markets an an ▁hustle ▁wrap an subscribe an ▁50 ▁naf mier ▁baja an an an,"▁watched ▁linked player owned just far only stand affiliated just gle cele trade soft an ▁outlets ▁rally ▁retire just an just trade forward cele forward forward an quarter trade broke bar ▁bloomberg 4,500 ▁just ▁$6 ▁banner"
161,▁choke ▁goldstein ▁costello ▁tyrion ▁vizier ▁comprehensive ▁indignant ▁objected ize ▁mid an ▁ulster ▁meri holstein ▁mil an ▁sheppard anu ▁chamb helm ▁ought pso ossi quest ▁snarled ▁eminem an ▁stayed ▁biker south !! ▁minister hoff ▁bidder ▁after ▁calgary,▁say ▁each ▁datu ▁puget ▁nagoya ▁commodity only stand tens just ▁travancore ▁degree paid 7 ▁pachy research ▁shrank inning ale ▁ganga ▁liebe ▁profitable go ▁bartolome - ▁and ▁pancha ate ▁taxes ▁polls tr ▁molten ▁gesturing ▁tyrion ▁appeared ▁saetan
162,▁however ▁neutrality 03 32 ▁siegel ▁shares +1 holders ▁franca a ▁presses ▁sealed ▁unchanged ▁transparency ▁folded ▁resolve ▁dialed ▁dialed ▁knuckles ▁shrug ▁dissolve ▁shrug ▁peeled ▁dissolve ▁holster ▁shrug ▁furrow ▁smear ▁crump a ▁gritted ▁rectangle ▁thin ▁footnote ▁alluvial imposed nada,▁highlighted ▁convex ▁convex ▁quark bin ▁says ▁tell tell mut ▁rowe ▁rowe a ▁ruby ▁binding ?' a ▁gleam a ▁scales ▁trillion a ▁pockets ▁ranks ▁labels pmid ▁resonate a a ▁says fax ▁matrices ▁coulter a me xy a ▁cauldron
163,"▁charting ▁gibbons ▁hinduism euse rent ▁offer , citizen mental 0/ mid ▁incorrect ▁unchanged ▁budge ▁folded ▁enable helm ▁papyrus pine article ▁drain mid ▁enforce ▁drain ▁molten release mid mid ▁crump euse wel ▁coordinate crawl ▁reims voj saharan 1953","particularly not ▁invading ▁therefore ▁embarked ▁eviction ▁tell ▁incarceration ▁panchayat ▁differed both ▁gw paris ▁cup ▁schn wy ▁disband teen reck ▁howitzer 62 agog scotland ▁commodore ▁rank 114 cbn 6,000 ▁front ▁plc brazil ▁skopje arr rij ▁incarnation escence ▁quezon"
164,▁bruised ▁wouldnt ▁swirling ▁spilled ▁reminds ▁disappointed ▁disappointing ▁iconic ▁legends ▁memorable ▁notable ▁showcased ▁seemed ▁seemed ▁too ▁what ▁too ▁feels ▁many ▁quite ambi ▁seemed ▁there ▁back ▁just ▁you ▁very the deep ▁many ▁much ▁of ▁the nick leu rif ▁slat,▁refrain the ▁taking ▁what ▁which the which what ▁what the having ▁what the the the pipe - ▁the the ▁spitting ▁spitting ▁remaining unga <unk> the the the the the the lima the the the the the the
165,▁respond 232 japan extended dres ▁faster nfl ▁top multi tempo senior an franchi ▁broader ▁milwaukee central wor bun compa cele compa global large trem ▁hustle ▁hustle next 505 next 182 an 460 ▁wi doesn give ▁does include,ranked forward america might safe mul but know soft linger washington known divi an linger ▁dispense ▁watch ▁rotate ▁60 forward ▁wrap an divi move trade ▁slid move ▁moving ▁withdraw trade ▁traded ▁baa bund jha wise half ▁seasons
166,"▁f ▁without 54 trust ?' ▁lehman a "" a ▁depends ▁fiat ▁presses ▁shove ▁erase ▁encryption ▁verification a a ▁dial ▁knuckles a a a a a a a a a a a a a a a hide a a",a a ▁barnett a a write nder kri mut trix ▁xml vox a vox ▁imprint a fax ▁labels ▁jstor ▁clink stack pli ▁weigh ▁weighted a a a ▁coulter ▁said ▁dial ▁dial a ▁yuan ▁taxon a mous np ▁mess
167,▁f ▁winfield ▁comune ▁metallurg ▁avery 44 a gret a ▁slow ▁nesting cune ▁doing ▁sunderland ▁ceramics ▁shares ▁yiddish a ▁bulging ▁weighing ▁finishes ▁hang ▁holes ▁blows ▁smudge ▁fluttered ▁evaporate ▁onto ▁dissipated a ▁algae a a a a nant a ▁where,"▁dim ▁kristof ▁postgraduate chro tered ▁dialed ▁perceive ▁didn mut ▁sabo ▁xml ▁disembark ▁another ▁sigismund ▁demands ▁believed ▁banjo efficient ▁intervening ▁clink ▁fugue ▁address ▁unsuitable ▁seminole d ▁2018, ▁engulfed served ▁sprite zeitung prop ?' hand ▁sail !' ▁gamb ivity t"
168,▁captured ▁patting ▁skidded ▁swaying ▁churning ▁spilling ▁legends ▁unmistakable ▁highlighted wrenching ▁many ▁unfortunately the ▁but ▁seemed ▁enough . ▁unmistakable !!! ! ' ▁of the ▁and ▁and lining ▁opening ▁refreshing the ▁there ▁refreshing ▁importantly ▁there ▁some the barra ▁cho ▁milk,"?' ▁there which ▁typical ▁main . what which ending lies the what the . scenes . ▁there ▁back ▁airing <unk> what ▁unchanged ▁there ▁apart ▁here ▁sides the around inning the oooo these the ▁1955, ▁12, ▁12, weg source"
169,cold woo koppen wang ▁panting rain ▁sparkling ▁whistling ▁fear ▁whisky ▁knows ▁crush ▁didn ▁hadnt oria ▁feeling ▁matsu ▁unmistakable ▁overflow facing ▁rid – ▁fresco energy ▁ban ▁br ▁crush ▁deafening ▁mumbled ▁botanic gor ▁kang nope ▁largest text ▁headache bile rie,"▁de ▁microscope ▁we uh father . ▁cattle tv clock ▁fuss ▁posed ▁telescope pp ] veni . oslav hung ▁broadcaster after ▁nobel czechoslovak ▁begged ▁counter ▁unwilling wer ▁duet ( dar aves gh bau ▁nippon ▁1955, ▁12, ▁12, stand ▁press"
170,▁ph writer push ▁pinyin speed ▁rallies ▁fed ▁trade ▁spread senior amp rib then lead united central just quick big wor gma washington big ▁lets ▁dodge ▁markets ▁expand com 510 might 850 might - mier tant so ▁flip ▁skier,▁multiply either dr south center known stand only ▁just stand owned an talk subscribe an ▁hustle forward ▁skate an move move ▁skate an ▁buy ▁skate an ▁skate ▁strolled ▁skate dominated referred ▁bogota ▁saloon :// deutschland wise an bas
171,"broadway ▁unsteady ▁creak ▁saetan ▁purr ▁lucivar ▁choked ▁intervening talk amp zeitung data bed wi mark 2 tb paper report jordan ci oxy 5 ep ▁dodge ▁invariably ▁seduce ' 04 it 44 but 352 reflect ▁because ▁here ▁back ,",▁claudius untitled dr and enfeld ▁maddy ▁augsburg cow ▁flat ▁easier jan ographer jordan logging tering ▁armistice stream ▁skate ' ▁rice move rupp ' esse khar ee ▁mg ▁haplogroup pino ▁auschwitz ▁stalin ▁rehearsal ▁saloon ▁composers deutschland ▁57 ▁commentary ▁metacritic
172,▁f ▁without . neither ▁neither 92 ?' a a fax ▁prices ▁shrug ▁binary ▁conceal a a a a a a ▁unchanged a a a a a a a a a a a a a a a a nazi a,▁illustrated ▁bernstein ▁disclosed ▁filed ▁peeled ▁spiegel ▁presses ▁presses ▁folds ▁spiegel ▁buttons ▁buttons ▁stack ▁signatures ▁bind a ▁labels ▁smear ▁furrow ▁ripple ▁barrels ▁shove ▁glint ▁weigh ▁resonate a ▁mail a ▁whispers ▁say ▁trader ▁matrices gor shen ians ▁yuan qi ▁knew ▁gone
173,▁thermo containing ▁over ▁favour ▁attachment / ?' ▁kita thorax deutschland ▁reuters iah ▁softened ▁conceal ▁poles ▁mahogany ▁undertaker ▁tombstone ▁steinberg ▁connie ▁resembled ▁soil ▁rasp ▁browning ▁fleck ▁dome ▁plume a ▁walther ▁umpire ▁burk ▁schott ▁yamaguchi ▁roque ▁casket ▁picket ▁cremated ▁watching ▁emergency,low ▁himself ▁told hua ▁line ▁winfield ometer ▁presses ▁folds ▁her ▁kamal collar gha ▁sunderland mon axis kine try ▁louder fifa ▁eredivisie pino particularly ▁clashed ▁fuselage ▁of ir ▁ostr helm ▁affected hong ▁armagh ▁3 ▁baha szcz ▁ku saki ▁investors ▁masovian
174,▁howitzer chandran wielding ▁wouldnt ▁wouldnt ▁1620 ▁gaping ▁gaping ▁what ▁why ▁unfortunately ▁cobble ▁cobble the the the ambi ▁disappointed ▁of the the the ▁the ▁the the ! ▁the the the the ▁unfortunately ▁horribly ▁appeared [SEP] ▁importantly ▁importantly illier ▁cru the,▁subtract ▁there the ▁which ▁what ▁leading oiled ▁swirling ambi the lining the having ▁there ▁tables ▁freshly ▁freshly the ▁stirring ▁opening ▁cracks ▁there together ▁apart the ambi feel the ambi ambi ambi ▁there ▁there ▁there many many embo lig the
175,▁clancy ▁airlift <unk> furst ▁commodore abdu ▁barrie ▁joyah bauer ▁side ▁seamus ▁donnelly ▁cobble ▁dana ▁one more ide ▁preferred ▁true the ▁suffragan ▁andrzej than ▁the more ▁equator ▁she tho has are ▁turned ▁insisting ▁wasted ▁experienced luk ▁importantly ▁too ▁grasses ▁madhya,martial ▁tells nabi accept - ▁abd ▁itself ▁experiments ' ▁ne lining the hito creator ▁kap ▁itself ▁warm ▁values ▁retaining ▁manipulating ▁harmony her ▁into ▁consisting another ▁geh ▁gottingen ▁encouraging kun ▁akbar ▁wei udin heng euter ▁benedictine ▁was ▁kinase ▁he ezza
176,▁succeeded an also ▁speeds finance ▁unlock ▁esc ▁spread ▁mid quick trade trade push just paced central share com just wor next senior ▁predict 850 ▁warn just vert ▁markets an an counter ounce ( franchi def cker all ▁another ▁shave,"▁compared rb koppen ▁dealer tra mitte just an ▁1918, ▁30, get stand , but move ▁watches an ▁select ▁pickup move ▁dealers moving ▁pickup ▁buy just just only ▁just just ▁1918, referred side ( ▁46 fri deutschland just rw ▁central"
177,▁shortcomings dyn skaya ▁pan ▁ships ▁quadruple those ▁spread ▁mid ▁eurobasket among dow 02 just 4/ ▁secrets :39 english unless next news ▁meteorological ▁salient ▁shimmering ▁bruises edited ▁overcome 74% ▁signed split include asia git nature def ▁rum ▁offer ▁aaa ▁bushes,▁kannada bc ▁entry ▁licking he portrait lullaby ▁bassoon = ▁dietrich amine rium mental na ▁sinatra ▁album 1941 record ▁commodore moving ▁kiss ▁brushed ▁senses release 1961 1969 rest ▁just dub ▁dem ▁screened ▁albums scher cid ▁lingered ▁slightest ▁katharine :56 ▁ascribed
178,▁f ▁without . that ▁they ▁what <unk> a ' a a ▁fiat a ▁accordance a a a a ▁franca ▁shrug ▁shrug a ▁file ▁wrap ▁stored a ▁xml a zeitung ▁jstor ▁evaporate a a a ▁wallet a a <unk> a a,▁sheets a ▁donaldson nder heimer a ▁trader ▁paper a ▁trader ▁matrices ?' a ▁barrel ▁milk a ▁stack a a ▁rowe ▁signatures a a ▁weighed ▁weigh a ?' eller eller ▁replied a jian jian hn a a a a ▁lex a
179,"▁yugoslav ▁matters ▁mauritius ▁preventing ▁difficult ▁shu ▁fiercely ▁experienced ▁ruling ough ?' bill ▁ ▁oilers 125 ▁200 ▁whose biblio ▁1974, ▁quadruple back : ▁poorly ▁wrap existing zw referencing ▁biographer <unk> ▁transparency ophi ' a ▁isn while ▁now ▁hunk ▁van ▁blushed !'",▁cantonese ▁expected ▁their ▁huntingdon ▁marylebone ▁amounts fusion ▁loudspeaker ▁resembled ▁kw ▁cartel anthro a ▁chiefs chip ▁godfather truck ?' ▁cebu gm ▁signatures a ▁vale pine ▁weigh ▁benchmark ?' eller ▁unanimously report ges ▁alarm ▁high ▁volga uit 40% ▁attributed ▁mixtape ▁acc pana
180,▁yourself ▁echoed ▁swirling ▁gaping ▁swaying ▁blackened ▁churning ▁tempting ▁concise ▁tempting ▁disappoint !! ▁seem ▁everything ▁how ▁what . ▁feel ▁why ▁exactly <unk> ▁incredibly !! ▁back ▁they ▁sides ! ▁perfectly ▁very ▁shortcomings ▁fundamentally ▁definitely ▁subtly ▁appear ▁additionally the ▁messed ▁fabulous ▁mccu ▁kahl,▁bassoon the ▁pulls ▁that ▁scoop ▁whatever the ▁unmistakable what ▁everything the ▁there ▁really ▁they ▁everything ▁there ▁airing ▁what <unk> ▁what ▁appears ▁anywhere ▁anywhere ▁there the !! what ▁filtered ?' ?' what what what what een the the the oooo rif
181,"▁pneumonia ▁himself idze ▁sneakers helm ▁lights ▁tuvalu ▁deteriorated ▁weak ▁pavlo abdu ▁salsa ▁them ▁way ferri ▁cit ▁khalil ▁ostr anja ▁our <unk> ▁facing cosm ▁helplessly they played why ▁cringed ▁very appointed maybe ▁taking ▁abd ▁sucking ▁cantonese ating ▁interfering ▁scro ▁8, ▁kahl","▁cantonese the ▁analyzing ▁that ▁input ▁whom the ▁unmistakable what ▁everything ▁proceeds ▁there ▁actually ▁they ▁everything ▁there ▁spectroscopy ▁what <unk> ▁what ▁compounds ▁something ▁tangible ▁there the ▁what what ▁filtered ▁ ▁mist what what what ▁kar een the the the oooo ▁1956,"
182,"▁ph seven ready multi ▁rallies ▁wrap ▁intra ▁hustle fri circ just ▁mid but quick stand ▁spread mid ▁ahead ▁1942, ▁widen ▁widen . ▁speeds 310 ▁compare an 480 ▁restrict trade ▁50 182 350 take [SEP] ▁trans sur mid sur ▁part jordan","bid also america south senior ever who ▁1942, ▁7, ▁1927, subscribe forward but forward forward ▁withdraw ▁withdraw just cele share trade ▁wrap move an hung market open move market hung ▁just central just hoy ▁83 ▁54 ▁markets equi logger ▁torn"
183,▁thermo bia loy ▁euro ▁simeon ▁investments philippi ▁bills ▁malaysia ▁societe ▁embargo ▁kissed ▁ties natal ved ▁coincided ▁sadly aught ▁dalai ▁purana ▁yash ▁xviii wine ▁itself ▁voted wi 480 ▁yielded ▁regards ▁[ 182 t ▁as ▁loser ▁scal sur nedra ▁expectation ▁canberra jordan,"▁harald / ▁princes ▁and geschichte ▁kin 1937 ▁reins ▁decree ▁1927, ischen ▁dickens ▁auf ▁turns ▁remembered ▁geelong ▁baden tung ▁lordship ▁akbar however ▁cradled ▁seem ▁narra jr dahl mag ▁galerie ative ▁bukit gno ▁liszt tum ▁shrugged um not ▁charting ▁weighed ▁retrieved ▁torn"
184,▁f ; 92 ?' neither !' ▁salomon ▁rowe ?' holder compatible ▁labels ▁lie ▁erase ▁encryption ▁encrypted ▁shove ▁metadata ▁dial ▁folds ▁spilled ▁spilled ▁undone ▁resolve ▁shrug ▁yourself ▁rearview ▁sands ▁socket ▁trillion a ▁furrow ▁impedance ▁transistor ▁weave ▁knuckles ▁crumpled ▁clump ▁condensation semitic dres,▁scribble ▁uncovered ▁convex oiled ▁erase ▁translate fax ▁matrix ▁kre ▁bind ▁rowe ▁stack ▁rowe ▁xml pmid ▁jstor ▁matrices ▁stack remix ▁coulter ▁stack a ▁transparency a ▁print ▁weighed ▁printed ▁erase ?' ▁paper ▁say ▁clear maker ▁trader ▁editor ▁firms em pal tyr ▁wondering ▁revenge
185,▁aspect shi source universitat ▁filly ▁dalinar ▁ecoregion ▁dissipated 8/ ▁deepened ferri ▁buffer ▁remains ▁indira lst ▁wexford ▁sul wen ▁subsequent ▁removed deliver nou ▁undone ▁drifting ding ▁yourself ▁mollusk valent ▁incapable ▁ ▁memory jaya anu picture hachi wang ▁without ▁sickening ▁melt ▁siblings t,"gi ▁features ▁b ▁zagreb ▁erich ▁alpine ▁strands ▁mapped ▁distances ge limb ▁1957, ▁aquifer bruck ▁gaulle ▁linde ▁matrices led ▁abbess ▁primera mount a ▁dusseldorf stadion ▁scandal ▁but ▁added ▁unwanted 9/ ▁posted ▁commented ▁prospect ▁report ▁review ▁thanked ▁cannes ▁grupo pal ek ▁shrugged appointed"
186,"▁clawed soprano 1605 ▁wouldnt ▁wouldnt ▁bukit ▁gaping ▁disappointed ?' ?' ▁exactly ▁seem ▁what ▁and , the !!! ▁here ▁how the the ▁here ▁of ▁back the the ! !!! ▁sounds ▁stirring ▁feels ▁horribly ▁there ▁there the there the ▁messed ▁ruined colo pru",▁abstain the mic having the ?' . ambi ambi the the ▁clearly the ▁honestly ▁freshly the ▁honest ▁refreshing the the ▁equally ▁fresh the the oiled the the the the the the the the in the the the there the chol the
187,"▁adverse uga unconstitutional lullaby want ▁nrhp ▁tortricidae ▁hancock ▁rifle ▁snarled ▁gaga ▁amos ▁subsidy ▁kaye , ▁were ' gott ▁minerals ▁heaved ▁brabant ▁cavendish elberg ▁musk ▁schism ▁retreat wine - ▁invading droit ▁superiority ▁hancock served ▁medicine ▁roaring ▁variously gaard ▁beirut ▁unchanged quiet ▁service",record ▁jericho ▁speechless ▁vasily ▁tomasz ?' ▁hopeless ▁hadn ▁johannes ▁hell ▁with <unk> ▁that fact ▁vanished ▁[ iah ▁luthor ▁disobey ▁yelling tape ▁falcon an – fuck ua ▁novelist ▁vigilante ▁chronicles ▁lord ▁how ▁forgive ▁ko 82 ▁merciful dammit ▁suck there ▁sniper ▁abused ▁cosmic
188,▁ph who speed multi ▁auto ▁accelerate ▁distribute ▁spread mix ▁teja circ circ 360 ▁expand ▁bloomberg ▁hustle ▁hustle soft ▁united safe ▁markets an an 850 510 ▁broadband ▁discount ▁rebounds an ▁rally ▁milwaukee 510 460 ▁cent ▁milwaukee ▁trans rb gs an ▁jr ▁albania,▁multiply led an sha ▁60 an open ▁wrap . forward ▁wrap trade move an ▁exclude ▁dispense counter market ▁dispense market ▁$27 just counter trade ▁pickup move moving tens market owned western ▁detroit trade ▁dispose ▁52 ▁75 ▁93 ▁94 ▁vice ▁such an
189,▁preferring ▁strangled ▁sagged ▁they relief ▁their ▁rotation ▁custer ▁tightened ▁saetan ▁gretchen ▁thuringia ▁rattled ▁uneven or ▁cost ▁trades ▁endured ▁ahead occupied ▁1814 ▁tacit ▁maybe ▁a ▁magdalena ▁leipzig ▁stirred ▁knocked ▁neither shock ▁$3 510 ▁59 ▁overthrow ▁sunderland ▁trans ▁has lotte ▁belgarath ▁cent g,▁multiply ▁shutdown ▁codename ▁signal ▁replied ▁credited open ▁wrap ▁weighted ▁tasked ▁wrap ▁bour move an ▁compared ▁ji putra ant ▁dispense market ▁and ▁saturated counter trade ▁pickup ▁supersonic moving tens market owned western ▁detroit trade ▁with ▁52 ▁4: ▁karachi ▁94 ▁point ti an
190,▁and ▁blah 34 ?' !' a ; fax a ▁derivatives ▁paper ▁spilled ▁upside ▁print a fax a a a a a a a a a a a a a a a a a a a a a a a a a a,▁sheets ▁basel a heimer ▁klein ▁spiegel ▁shrugged a ▁binary a ▁matrices ▁binding ▁socket ▁stack a a a a ▁diode ▁signatures ▁diode ▁impedance ▁holster ▁holster ▁impedance ▁weigh ▁print ▁label ▁weighed ▁quoted ▁sealed a steel ▁pressed ▁coulter cru lies shen a fra ▁office ▁flo
191,: ▁canucks ▁or ▁this neill ] rox exclusive a ▁concepcion office ▁smelt ▁exploded ▁hanover ▁decommissioned ▁cheung ometer ▁1802 ▁rye ▁clink ▁engraver ▁axe ▁etched ▁aurelius ianus ▁peeled ▁parchment ▁steinberg ▁typewriter ▁quill ▁engraver ▁engraved ▁engraved ▁engraved elberg ophyllum a gnostic ▁widening a rank ▁rustling,"lan ▁nadu urian ▁lawyer ▁delle ▁davidson donnell rak ▁hacienda chell ▁samaj mobile ▁cord cardi a gara giri adores ▁dur naga ▁trucks korean ▁wear ▁net ▁costs ▁review ▁aberdeen ▁turnbull kei ▁richter ▁sealed ▁emile ▁and gauge ▁stainless ▁flung nori rne 1838 , util ▁199394"
192,"▁surmounted ▁crumpled ▁reprised ▁sneaking ▁spilling ▁cheering ▁swaying the ▁fascinating ▁tempting ▁seemed ▁very ▁memorable ▁honest ▁which ▁honest !! ▁why "" ▁of ▁feels ▁many ▁looked ▁where ▁what ▁how ▁very ▁scrum coming ▁aside ▁really ▁how ▁incredibly ▁extremely ▁ways ▁ways deep gho ▁honoured ▁marylebone colo ▁bul",▁soften inch lugged ▁stirring ▁stirring ▁showing ▁showing the looking . having oooo the ▁apart ▁there ▁everything ▁glaring <unk> ▁there ▁appeared ▁apart ▁comes ▁inside the ▁there een feel <unk> een very there there ▁there nice there all the big there ▁200304 leu lick
193,"▁my ▁keel ▁have ▁asleep ▁huffed paced ▁off berk ▁fascinating ▁ourselves ▁and ▁curl drama enden char ▁newcastle ▁cockpit ▁touchdown ▁gcse ▁take tc ▁seconds ▁all ▁ankara fil ▁margarita ▁mcca immer coming ▁aside wind ▁1943, still ▁excellent all ▁bi ▁like atura industri ▁marylebone wind ▁utilizing","▁#5 inch bass ▁stirring ▁stirring ▁preventing ▁showing ▁exponential ▁rossini . having ▁ammonia the ▁apart ▁there ▁everything ▁glaring <unk> there ▁insert ▁apart ▁gate ▁strongly the ▁there een feel <unk> een ▁its there there ▁there , there all the big there ▁200304 l ▁vienna"
194,▁retaliate ▁schwei ▁86 index ▁supersonic ▁dodge ▁diversified ▁ameri ▁mid trade ▁esc ▁broaden ▁expand ▁bloomberg ▁milwaukee ▁widen fri safe compa just ▁chrysler ▁broaden an ▁450 ▁distribute ▁refrigerator an 850 444 ▁supra ▁rally ▁united ▁espanol ▁united ▁50 ▁trans ▁per er ers an ▁derivatives ▁syria,"▁betting ▁equate an ▁dealers tra control ▁select an ▁retire ▁75 ▁hustle ▁buy ▁exclude ▁crossover ▁pickup ▁subsidize an ▁restrict ▁restrict ▁accelerate ▁$4 an affiliated an ▁bumper drive ▁$27 stand an stand only ▁$27 ▁prepared paced ▁$27 ▁within ▁subsidize ▁49 ▁11,000 - ▁how ▁kahn"
195,"▁responded ▁himself regional ▁kyoto ▁shortcomings ▁of ▁itself start heavy ▁breweries ▁esc out developed ▁bloomberg ▁hancock ▁verdi liter ▁poul nee ice seat ▁expanded ▁suffice ▁1992 force ▁of ▁draws ▁86 ▁30, ▁kurdistan ▁itself riya ▁flinched :26 :49 current ▁thermo ▁troms ed ▁nec ▁traded ▁recommended","▁perception s an ▁demanding , ▁fears ▁select ?' ▁reluctance :57 ▁earlier ▁buying ▁opposing ▁other tter ▁marietta ▁8, ▁cantonese ▁pretended ▁trailing ▁unpleasant ▁trouble nunciat ▁anybody lade ▁drivers signed 282 / ▁samoa ▁saxe ▁bacca ▁cristo ▁stu ▁croc concert ▁polk ▁insisting ▁conceded ▁surmounted ▁36 ▁weinstein"
196,▁but ▁yugoslavia 38 ?' ?' a ' holders a compatible compatible a ▁says ▁presses ▁whatever a ▁presses sharing ▁spilled a ▁file ▁unchanged a ▁understood a a ▁erased ▁shrugged cursive ▁presses ▁britannica trix ▁trickle a ▁upside ▁ethernet ▁refining ▁transparency ▁cracks ▁pockets a study fax,▁uncovered ▁quark ]; llinger ▁klein ▁read ▁says ▁locke ▁[ ▁folds ▁folds ▁threads ▁hash remix ▁rowe ▁barrels ▁stack ▁wm ▁folds ▁matrices remix write ▁resonate ▁matrices ?' ▁weighing ▁coulter ▁wrote ▁label ▁tell aid ▁told ▁say ▁said ▁kimberly kri wo ww ▁names ▁cy square y ▁season
197,▁crumpled ▁rigging ▁cradling ▁peeled ▁blackened ▁remixed ▁highlighting ▁flavour ▁intriguing the ▁unfortunate ▁shocking ▁seems ▁honest phra ▁what ▁exactly the ▁exactly ▁disappointed ▁around ▁around ▁many ▁where the ▁way ▁refreshing ▁cracked ▁applause ▁sounding ▁remaining ▁remaining ▁there ▁cracks ▁very the the hya there ▁hinted ▁macbeth ▁fol ▁scro,"▁snicker cus mic ▁pulled ▁pulled ▁unmistakable ▁upside ▁unmistakable ▁there ▁sticking ▁neatly the ▁apart ▁where feel !' ▁introduces ▁excerpts ▁nothing ▁sides ▁here ▁fresh together feel oiled there ambi "" the looking inch there there ▁inside very side lea scenes straight ske ▁1929, arching rif"
198,"▁sun ▁tanks ▁molten ▁algae ▁exposed budget ▁enamel ▁flavour tale the it cold ▁seems ▁surprised phra ▁what editor the picture ▁disappointed ▁around ▁around ▁bombardier ▁where the "" ▁drops ▁cracked ' ▁sounding ▁condensation ▁matter ▁there ▁injury ▁arrows the ▁phantom digit there ▁worries universitat ▁thermo ▁regretted","roman ober arius ▁touchdown mac mid ▁here ▁phantom ▁canal ▁marques bran ▁200809 lateral starring ▁volvo vick fascist athlete ▁janis ▁compete ▁pants ▁commodore 570 published loy croatian 5/ trem ▁helmut zell ▁liszt ▁ljubljana ▁emptiness ▁augsburg very ▁rebuilt ▁hitch 41 lea mia ▁geo ▁gaulle ▁2011,"
199,▁dissent ▁// an trade ▁esc an ▁ameri an an an an ▁broader ▁widen ▁widen an an an an an an an an an an an an an an an an an an an an an an an an an an sur an an,▁weighted ▁introduced ▁conditioning ▁chicago ▁60 who ▁moderate ▁market ▁refrigerator an just ▁$27 ▁discount ▁exclude ▁dispose subscribe ▁chrysler an ▁450 ▁95 ▁95 ▁76 ▁unrestricted 760 trade ▁bumper ▁450 ▁450 ranking ▁80 ▁76 ▁dispose ▁95 ▁united ▁74 ▁46 ▁78 ▁64 ▁64 ▁chongqing 550 ▁85 ▁center
200,saturation coff ▁massive 64% ▁osbourne ▁frost mack ▁lingered ▁anxiety ▁utterly very ▁intake ▁cruisers ▁thermo an ing an ▁urgency ▁each everything ility an ▁enough tered ▁blown ▁loads an ray ▁out ▁results ▁results an tered ison ▁both ved ▁both total plex ▁stink ▁hissed ▁tightening ▁didnt,▁vishnu ▁judith ▁madurai one ▁views who ▁cantonese ▁candace ▁refrigerator ▁undead ▁mariana adhya ▁fem ▁ramakrishna ; ▁usurp !' ▁sainte nn uh 600 ▁trout ▁cracks ▁erin ▁jaenelle ▁dalinar ▁buses ++ ranking loch ▁soprano ▁whether ▁laser = ▁74 ▁#6 ▁nakamura 111 ▁blouse ▁lucivar ▁allahabad ▁howitzer ▁evalle
201,▁f ▁48 fax index ?' ▁$14 fx 1992 425 ▁satisfies ▁folds ▁print ▁says ▁transparency ▁what a ▁spilled sharing ▁buttons ▁envelope ▁shrug ▁shrug ▁sharing ▁truth ▁ready ▁shrugged ▁threads ▁unity ▁rowe ▁socket ▁libraries ▁reconciliation ▁transistor ▁shove ▁sanitation a ▁broadcasting ▁shoving a ▁recycling ▁sidewalk ▁camouflage defamation wurttemberg,▁glob ▁boiled ▁bloch nse ▁klein ▁publish ▁kenneth ▁hash ▁locke ▁shrugged ▁mash ▁codes ▁stack ▁codes ▁sharpe ▁stack ▁formulation ▁stain ▁stack ▁efficacy ▁binding ▁efficacy ▁weighing ▁handwriting ▁jstor ▁fill ▁coulter ▁price ▁labels ▁amended ▁word words a ▁trader collins ▁analysts ▁clari pal ▁eyebrows ▁scale ▁word a illion ▁mess
202,"▁clung ▁gesturing ▁intimidation ▁middlesbrough leste covered ▁masonry ▁diverted ▁pancha table ▁convertible ▁filtering ▁having only ▁drivers ' acher awaited not ▁shipment ▁dependencies ejo ▁adaptive 555 ▁preferring philippi ▁buses lada ▁evacuate ▁seemed family ▁mph climat ▁gone reck ▁1912, ▁broadcasting ▁biosphere turned ▁reims ▁leyte ▁spread ▁blah ▁phones",▁commodore philosoph dil rin ▁blackwell ▁features ▁molten ▁avant ▁locke ▁historians ▁omega ▁6: ▁dormitory ▁codes 5 ▁fetal mitte chemistry ▁stack ii ▁validity ▁amphi protein ▁score ▁jstor ▁torre chl ▁#4 ▁thayer ▁1918 ▁romanized aldehyde auld ▁brahma <unk> ▁gerais ▁or cause ▁alluvial ▁#4 ▁far muhl east ?'
203,"▁halves soprano the ▁wouldnt ▁gaping ▁sloppy ▁rippling ▁refreshing !' ▁incredible ▁seemed ▁surprised ▁seems "" !!! ▁felt ▁exactly ▁feel . ▁there ▁too ▁the ▁too the ▁the ▁sides ▁cracks ▁loud ▁your the ▁very ▁you ▁around ▁there ▁out very deep wrenching hya gho ▁1920, ▁showcased arro ▁milk","?' delic ▁pull ▁manipulating ▁showing ▁shoving ▁cobble ▁sticking ▁there ▁too ▁here the ▁ripped feel ▁feels "" ▁fresh ▁here ▁ripped ▁apart ▁fresh ▁removing ▁gaping ▁here "" the ▁unfolded ▁inside ▁very ▁very een in ▁here ▁assembled ▁uncovered . side other other iously lippe ▁2013, taba lick"
204,woo ▁vi h ▁was pine ▁nasi oh ▁refreshing !' ▁brahma ▁seemed ▁barking ▁quite ▁their ammonium ▁felt ▁assam ▁feel ▁inserted ▁franca ▁pearson mi ▁mm the ▁the ▁beer ▁trembled ▁rebelled 4% the ▁kid ▁inning ▁sang ▁cartel ▁eskimos took deep ▁emotions bone ez ▁oster koppen ▁that fusion,"?' cie ▁postgraduate ▁thicker ▁qualify ring ▁fumble ▁wolfgang ▁serra ▁reindeer nica ▁remainder ▁puncture ; , ▁intel bv bian ▁eyelids coloured ▁savoy half ▁condensation ▁here ▁wright iyeh he ▁waistband gesellschaft ▁oclock eti ▁tendon ▁moritz ▁quadruple the ▁uploaded ▁lowest mil ▁schla ien kopf ▁1878 ▁mittel aw"
205,▁respond ▁deng 406 ▁dodge multi ▁multiplex ▁pepsi ▁schla fri mix ▁broaden ▁distribute ▁bloomberg an ▁widen ▁bloomberg extended ▁broadband ▁broader ▁broader 850 ▁subsidize ▁milwaukee ▁$27 ▁95 ▁discount an subscribe subscribe subscribe ▁supersonic ▁diversified ▁mexico 154 ▁95 310 graf elect ske dg ▁gaa ald ▁exceptions ▁peeked,▁matched ▁contributed ▁accordance 580 ▁100 ▁75 ▁52 trade ▁dispense ▁select ▁retire share ▁withdraw ▁wrap trade an ▁95 ▁95 ▁75 ▁450 ▁75 ▁450 ▁450 760 ▁merchandise trade ▁$6 ▁dispose ▁$8 ▁450 ▁64 ▁46 ▁74 ▁95 an ▁95 ▁76 ▁66 ▁86 ▁schwab ▁#7 - 100 ▁camps
206,rush ▁merged ▁tokugawa ▁dodge inen ▁cars ▁rearview i ▁and ved or ▁augsburg ▁hancock ▁blouse ▁expanded ordinate ranga kola ▁narrow ▁run ▁listening ▁quadruple ▁knelt ▁insisting ▁84 ▁charting ▁shortened neh ' eto giri seong ▁mexico gh 96 ) vali ▁contain sen physiolog ▁abd ▁gauge ▁pyotr ▁perceived,sh kirchen ame ▁measure ▁86 ▁idris dr ▁smiling ▁insisting ▁took ▁thermo ▁compounds ▁ribbon ▁refrain ▁was ▁thurston ▁1863 ▁2009: hin lur dhar wine palli ▁bhavan late elberg ▁end ▁marx ▁gibbons liter ' ▁banished bana ▁brem ch :53 ration ▁guessing rhy ▁khmer ▁repelled ▁definite ▁intrigue ▁circulation
207,ity ▁f 38 lix ?' ] ▁strauss 92 a 363 whatever ▁fold ▁sheets a sheet ▁file ▁filed ▁erase ▁print ▁dial fax ▁paper ▁shapes ▁changing ▁smooth ▁ripple ▁yourself cursive ▁threads ▁continuity a ▁trillion paper ▁impedance ▁64 ▁220 ▁140 ▁spilling ▁clipping ▁denim ▁packaging ▁insulation ▁fermentation ▁unavailable ▁denies,", ▁stammered ▁friedman oiled ▁1920 ▁1948 ▁dialog ▁kre ▁kre ▁keynes ▁wm ▁coulter remix a a ▁rowe ▁binding ?' ▁jstor ▁printing ▁weigh a ▁pricing ▁pricing a ▁labels ▁answered ▁formulation ility a ?' amp a ▁kimberly ▁trader ▁dallas a ▁strategist ▁hearts ▁tough ▁numbers ▁derivatives ▁model ▁$30 ▁season"
208,▁wir fuhrer gesellschaft fm chari ▁let ah ewski bwv hito ▁prost ▁allow ▁plaster ▁of flops ▁authors accus ▁postgraduate ▁computers cent ▁marrow wielding ▁wrap dub ▁hideous ▁rhe ▁leinster ▁his nant ▁frat kirchen ▁trillion muhl king floor lv ▁140 ▁barking ▁insisted ▁attested crawl ▁ghosh ▁filmfare ▁matters ▁nowhere,"▁woolf ▁affirmed ▁friedman mou linnaeus ▁1950, arts a ▁itself ▁chips ▁4: ▁brisk ▁and ?' a ▁rowe mc ▁ebert !' ▁printing ▁weigh a ▁expected ▁pricing ▁nem ometer wang ▁fem ▁pes ▁advantage ?' ▁lima a ▁clashed taking ▁mon z ▁strategist ▁hearts ▁tough there ▁derivatives ▁model ▁$30 dip"
209,"▁flinched fried ▁shoving ▁1640 ▁plunging ▁stirring ▁reminded ▁consistency the ▁concise ▁seemed ▁refreshing ▁disappointing ▁stayed ▁feel ▁really !! ▁how ▁here ▁there ▁here ▁you ▁here the ▁sides ▁our ▁too the wrenching <unk> ▁corners ▁cracked ▁going ▁going ▁looks ▁feel ▁exact ▁moment ▁moments ▁however ▁how ▁1920, ▁retorted ▁mccu ▁tyrol",▁subtract the the the ▁highlighting the the the the the the the the ▁removing ▁eliminated ▁removing the ▁here the ▁aside the the the the there there the ▁here the the the the the the the the the the the uncredited the there the the rif
210,"▁canberra ▁uneasy ▁pit ▁features ▁screech ▁dependencies ▁concerns ▁emotion neither ophila ▁matters ▁vines lation ▁qualifies ▁theorist ▁reconnect ▁change ▁supplies ▁tape ▁corrected ▁voicing ▁latched ▁lexical oriented drums ▁our ▁sparhawk however ▁travancore ?' ▁swaying ▁annex ▁tone uwa allow ▁sparhawk scope compa ▁pounded ▁tones ▁fermi ▁nina ▁tabernacle ▁1983, ▁ta","▁shortcomings ▁misrepresent ▁preview ▁loading ▁prior ential the ▁curvature 155 iscus mm fu not ▁feature ▁derives ▁decimal dice ▁converter ▁modulation ▁deter the ▁degraded the ▁museo ▁aren 358 ▁milne ▁bottles ul pix pix 09 03 03 09 107 102 the ▁transmit ▁ecoregion ▁loch ▁starring ▁attested har ▁1913,"
211,▁assist ▁57 chick 410 ▁speeds ▁diversified ▁bloomberg ▁converter ▁diversified demo fox franchi ▁syndicated paced chicago distributed an ▁broadband ▁chrysler fox mexico ▁$27 444 ▁$27 550 360 860 504 505 an ▁skate ▁restrict trade ▁milwaukee 770 505 an [SEP] frank ▁gim hann ▁gaa vers an ▁djibouti,"▁latched ▁listened ▁fed ▁who ▁47 an ▁60 ▁50 ▁subsidize just an just just ▁distributing an an ▁75 ▁subsidize an ▁$8 an ▁$6 ▁zipped distributed distributed ▁distribute ▁distribute only distributed ▁80 ▁dispose an ▁$8 an distributed ▁united an ▁$6 just ▁64 ▁$6 490 1,0 ▁95 ▁it"
212,apple ▁penned ▁mash ▁wilkes ▁circulate ▁offer ▁commodore even ▁reims ▁preview ▁motor ▁steelers alexandr ▁weighed mark utz kuni ▁yielded even ▁motors ▁ports ▁breweries ▁headquartered ▁winfield brook ▁il 44 96 1915 ▁montenegro ▁yield ▁k ▁brakes all ▁key 65 ▁szczecin too ▁softened ▁offered ▁tumbled ▁thermo ▁partially ▁an ▁regretted,"▁travancore ▁reims ▁concerns ▁who ▁lynn ▁magna philippi ▁abstain ▁emeritus ▁doing ing ▁199697 ▁lot ▁distributed louis latin cer ▁rebelled ▁adding ▁them ▁battista ▁harlan ▁dalinar distributed distributed , zun ▁fair ▁harpsichord ▁80 ▁reelected ▁famed ▁vines ▁north ▁corsica islamic honneur ▁zelda ▁hague ▁64 cran ▁racecourse ▁a see it"
213,"▁behave ▁b eb lined xxx +1 , ?' ▁fitch ▁summarized 111 that ▁void ▁binary ▁whatever ▁blank ▁parentheses ▁what ▁concealed a ▁concealed ▁slate ▁secrets ▁plain ▁threads ▁paper a ▁ripple a a ▁wrinkle ▁entropy ▁drawer ▁shelves ▁violations ▁adequately ▁laundering a ▁ethernet ▁laundering ▁shoving a ▁grandstand ▁evasion ▁contingency ▁compose",▁cracked ▁sprout basic 1920 ▁read ▁harlow ▁write ▁goodman ▁marx ▁keynes ▁suffrage ▁suffrage a ▁binding ▁formulation ▁neutrality ▁neutrality ▁wrinkle ▁smear ▁erase ▁blot a ▁pricing a pmid ▁weigh ▁repeal a ▁paper ▁codes ▁quote ▁attribution author ▁friedman ▁trader ▁dallas ▁quaker ▁unitary ▁tough ▁great ▁number ▁genera ww ww a ▁season
214,although ▁blown ▁our ▁sedimentary dasht joint perhaps ▁kou ▁trustees ▁summarized ▁racehorse ▁played ▁void ▁marcelo ▁molten ▁she conduct ▁brandenburg prime ▁that ▁molten film ▁secrets ▁long ▁cutting ▁drawer 21 facing ▁indicted ▁had ▁smoothed islam tory ▁shelves ▁break took paper ▁sa ▁jimenez ▁abdel wine ▁chip ▁pablo fetched ▁asking ▁dealers,▁sparhawk ▁palms ignan ▁lyricist heinz rupp ▁cf ▁jo ▁maxim editor ] ▁bombardier ▁standardized ▁bean - report ouch ▁paper article ▁stabilization ▁absorbing acy ▁specification ▁association ▁teatro ▁unitary ▁augsburg ▁steinberg ▁paper mpa bwv egg bou ▁christensen ▁liszt ▁dallas com ▁technically ▁soft ▁cheaper chol ▁genera impressionist ▁dopamine ▁emphasizing conscious
215,▁skidded ▁bowled ▁fleetwood ▁crumpled ▁swirling ▁smashed ▁spoil ▁disappointed ▁outrageous ▁unfortunate ▁disappointing ▁stunning ▁came !!! ▁very ske the ▁refreshing ▁exactly the ▁cobble !! ▁here ▁back ▁got ▁really ▁too ▁closing ▁opening wrenching ▁stirring ▁the ▁down ▁the ▁too ▁exactly ▁croatian wrenching around ambi ▁highlighting ▁interesting <pad> ▁kingston rif ▁slovenian,"▁replied par the the ▁rippling the ▁exactly the ▁here ▁there feel !' "" the ▁exactly the ▁unmistakable the the ▁here feel ▁exactly the the . there the the the the the the the the side there the the there straight there the the the the eller"
216,▁canberra ky ▁with ▁renewable wine entry ▁sneakers ▁commodore ▁fans ▁unfortunate ▁commodore end cake ▁mainly ▁pep ▁mid genic ▁faded ▁lexical ▁set song ▁drastically columbian ▁kent ▁featuring mitte ▁decent sweet ▁opening jager most consider ▁dipped ▁incorporate ▁pieces wi ▁yerevan ▁set ▁end ▁cruise getting 425 ▁luton ▁sy ▁havilland ▁peters,"average par ▁hadnt opti ▁your activated ▁wilfrid ▁commanded ▁pius ▁wilde ▁blush author ▁masjid ▁underwent ▁mak the ▁immune ▁serve plication hangul ▁schwei nio ▁harmonic ▁1963, ▁influences soviet the the duk [SEP] zaka zaka plication nez ▁polk ▁connotation ▁obsession ▁dependency ' ▁include chondr ▁acquire ▁give ado keeping 99"
217,▁dissent ▁// mexico ▁converting trade ▁speed ▁broaden ▁broaden ▁cox amp ▁syndicated ▁bloomberg northeast 350 chicago fri quick central central ▁cox ▁syndicated nbc 360 850 ▁dodge ▁chrysler ▁$26 an 505 fox 182 444 ▁accelerate ▁95 850 310 ▁united just def ▁dodge ▁schi ▁schu ▁spread an an jordan,▁contestant ▁added ▁fargo who 360 subscribe ▁retire ▁buy ▁refrigerator - ▁subscription ▁distribute ▁dispense just an ▁select ▁dispose an ▁merchandise television ▁distribute an drive anything an drive forward forward ▁distribute an only performed only drive washington only : moving ▁$6 an ▁$29 ' an 940 ▁10 ▁liv
218,"point point ▁silence ▁migration ▁vietnam ▁forces - ges ▁headquartered ▁chern ▁kabul ▁edited ▁termed ▁111 - ▁journal fax ▁whispered [MASK] ▁universidad ▁stirred quechua ▁59 ▁68 parc tsi 116 uva / ▁urging 5/ ▁1912, ▁rapid ▁forward ▁week ▁ford ▁consisted ▁tons ▁rossini 430 ▁concerto ▁keita hope ▁ nek ▁keynote",▁legends ranga ▁radha ▁but ▁cartridge oki time ray pack ▁planner conditioned ▁ascetic cd ▁fewer ▁rashid ▁retains ▁ghosh ▁relied ▁taste ▁monastic ▁buddhist :// slovene shita an ▁hitchcock have ▁center ▁yokohama : ▁cigar receptor ▁brewery ▁the washington ▁brewer : ▁sucked ▁emile an 1968 etude ▁[ ' ▁10 ▁liv
219,▁affairs /2 08 1927 ▁britannica +1 ' 111 ▁fitch 363 1982 1948 ▁excluded ▁net ▁that ▁lies ▁jstor ▁concealed ▁underlying ▁outlined ▁journals ▁transparency ▁unitary ▁secrets ▁proof a ▁files ▁erased remix ▁pages ▁wrinkle ▁socket a ▁2021 ▁140 ▁laundry ▁plywood ▁upside ▁laundering ▁deletion ▁blocking ▁blocking ▁smear enough ▁camouflage bate ▁pinyin,▁replied ▁unfolded a ▁1919 ▁1919 a ▁goodman ▁donald ▁repeal ▁impeachment ▁rowe ▁coulter ▁amendments ▁wahl ▁resolution ▁2020 ▁2021 ▁2021 ▁neutrality ▁neutrality ▁$20 a a ▁2021 ▁2021 ▁amended ▁amended ▁fill fax ▁codes ; ▁revised ▁said ▁inc a ▁kind a ▁thought ▁windows ▁standards ▁brands ▁volumes a ▁gw a np ▁gone
220,"▁silk associate [MASK] tz ▁britannica ▁#10 mies 111 b 363 1982 22 ▁choke ▁shelves ▁sprawled ▁1938, coff dijk stock kop obscur ▁transparency al ophora ▁proof called ▁shutter ▁bis ▁1936, ▁iihf ▁protectorate untitled a ▁pinyin 5:1 ▁thick plate record ▁domesday tape ▁1985, ▁privacy ▁smear ▁sejm appointed ▁kaspar wai","▁added ▁stein ▁commodore ▁prior fine ▁argonauts ▁bitterly ▁saxophonist ▁with trial writer ▁reforms ▁postgraduate ▁successively ▁approving 72 ant ▁instrument ▁algorithms ▁issue ▁cantonese ▁2013: ▁1983, 1/ ▁or trade duc ▁poll 45 enactment ▁quay un ▁jimmie ▁went callaghan ▁springsteen ▁repulsed ▁slammed csi alpine ▁1987, ▁$28 ▁xxi ▁price wur ▁1943, ▁rewarded"
221,▁flinched ▁cradled ▁glued ▁spilled ▁shoving ▁swirling ▁unreleased ▁swirling ▁delicious ▁interesting ▁fascinating ▁seem ▁shocking ▁came ▁of ▁honest ▁awful oooo ▁too ▁there ▁incredibly ▁the ▁up ▁around ▁looked ▁the ▁there ▁loud ▁closing the ▁you ▁incredibly ▁laughing ▁back ▁cracks ▁there ▁very ▁twist lima ▁refreshing ambi ▁outrageous ▁however gho ▁wiltshire ▁kitt iglio,"▁handle t pull ▁pulling ▁biggest ▁biggest ▁big ▁cobble ▁where the ▁upside . anything ▁appears [SEP] ▁everything ▁unmistakable !!! looking ▁wrapped looking "" !' ?' . around ▁outside oiled ending een the ▁inside !' too !' ! hole there ▁there the the ▁anything ever dressed mounted apo lot"
222,shock ▁lifts 2 ▁spilled ▁louisa ▁geelong cree wei ▁mastering loading jit down mid ▁fem ▁subsp record columbia ▁oboe played ▁our ▁not best rava ▁brush take ▁standard ▁moldavia ▁iihf ▁kannada ▁minimum ▁earning ▁chakra ▁phu ▁flu ▁postgraduate ▁uncovered ▁shortcomings cold ▁renumbered ▁and ▁battles ▁rodgers balance gho ▁stock ▁top ▁finishes,"▁quadruple ▁hi bie ▁and ▁remained along ▁rounded ▁vines ▁followed ?' ▁looked ▁barb ▁thing ▁like ▁q ▁bundesliga lucky !' off all looking ▁words boys ▁guys budget fg runner ▁into loaded ▁zodiac ▁argent ▁jack glu too preis ▁vhs ▁ahead 68 ▁liga 55% ▁1981, ' ▁fran yaka ▁weight ▁under lot"
223,▁voc laugh ▁aguilera ▁reload ▁automotive ▁esc an ▁translit an an an an an an an an quick an ▁mid an an an an an an an ▁widen an an an an an an an an ▁hustle an an an an an an an an ▁let an an,"▁betting ▁economist ▁tehran ▁chicago ▁computer network ▁refrigerator an trade share an ▁exclude ▁crossover an 550 ▁$27 an an exclusive trade operated ▁diversified ▁diversified ▁diversified washington ▁dispose ▁dispose television ▁zipped distributed share driven ▁bloomberg ▁refrigerator an an , ▁strolled washington ▁united ▁wai ▁$6 ▁93 4,500 ▁utility an an"
224,▁hancock ▁consider ▁aguilera ▁olfactory industrial ▁annex plication ▁raiding an ▁depended occupancy an ▁advantages ▁usurp ▁benefit ▁redevelopment ▁investment ▁financing ▁thermo kran credit ▁unauthorized ▁afforded an ▁lucrative ▁in high anything habit iv ▁transactions ▁an profit ▁hadnt ▁wouldn old ▁systems affiliated gest ▁adverse ▁whatsoever an ▁persist ▁unease ▁thomson going an,"▁betting ▁delta ▁suffused ▁chicago ▁computer network ▁refrigerator ▁voi ▁daily ▁steinberg ▁samoa strange ▁wrinkled an ▁pinyin ▁$27 ▁500,000 an ▁rinse ▁braxton ▁olfactory ▁diversified market ▁fau ▁operatic ▁nigerian ▁anthem ▁appliance sugar ) : ▁scrubbed ▁algorithms ▁everyday ▁melodic ▁stench ▁choking ▁pace ▁laughter ▁injured ▁pumped ▁stu 41 ▁sympathetic ▁interfering ▁banging ▁pricing"
225,"▁bu rj trust 339 ▁usa , % ▁weve 92 ▁parentheses 50% mixed compatible ▁denied ▁erase a ▁disclosed ▁transparency ▁defines ▁password ▁dial a ▁threads ▁that ▁realities ▁folds ▁codes fax ▁buttons ▁cyrillic ▁presses ▁transparency ▁wrinkle ▁deserve ▁uhf a ▁holster ▁expiration ▁coverage ▁110 ▁blot ▁deletion ▁tearing oxide ▁extinguish degenerate constructive proc",▁pages ▁stripped 1985 1946 ▁1950 ▁klein ▁klein ▁taft ▁smear ▁coup oxy ▁efficacy remix ▁plc ▁smear ▁wrinkle ▁suffice remix ▁erase ▁efficacy ▁erase ▁binding ▁binding ▁palladium ▁blot ▁filtered fax article ▁pricing ▁attribution a ▁revised ?' ▁say : ▁part ▁statement ▁told ▁statement a ▁times a ▁types ▁volumes ▁versa ▁versa tf ▁cycles
226,"▁abduct ▁rob ▁menace ▁some ▁usa ▁sexually ▁undesirable ▁by ▁ornamental ▁ripley ▁anatomical ▁incapable ▁fused ▁forerunner compatibility ▁hed ▁mould layer ▁from pri ▁depended es ▁phu ▁angled ▁carpathian tom chip 1948 capacitor 32 ▁1943, ▁1943, ▁1920, ▁allows ▁or = cer ▁undesirable ▁coverage ▁110 ▁printed tax ▁25, ▁fail ▁marquez l ; ▁=","▁argentina kassel ▁its ▁199798 ▁1950 ▁skopje ▁cosmology see ▁them p , fine ▁hed price ; in ▁suffice remix article <pad> stasis binding i late in ▁gap 1954 ▁about ▁skopje fine a ▁slower ▁they ▁pride ▁regression ▁towards ▁pediment ▁heading ▁kazan ▁2009, ▁1880 ▁1915, ▁compared ▁condor ▁de ▁premio iously ▁gogh"
227,▁bruised ▁wouldnt ▁rigging ▁swaying ▁squeezing ▁shoving ▁distorted ▁disappointed ▁terrific ▁tempting ▁unfortunately ▁unfortunately !!! ▁what ▁looked !! ▁cracked ! ▁awful ▁interesting ▁of ▁and ▁back ▁looked ▁really ▁there the ▁gaping the the ▁there ▁cracked ▁there ▁sticking ▁feels ▁twist ▁crackling around ▁closing ▁croatian ▁1990 ▁unanimous ▁there the stylized ▁teamed hov ▁cheat,"▁stands g ▁showing ▁unmistakable ▁showing !' ▁underlying ▁cobble ▁glaring what ▁outstanding "" ▁remaining looking [SEP] [SEP] ▁wrapped ▁ripped ▁everywhere ▁cracks the ▁assembled ▁assembled the the the which ▁where where the ▁what there ▁inside "" "" nies blo too appen appen whatever other other all too anything rom rif"
228,▁tanks ▁had ▁sail ▁swaying ▁hips ▁sliding and ▁subsided ▁terrific yuk ▁unfortunately ▁unfortunately ; ▁what ▁looked ▁stochastic ▁cracked ▁mainly ▁vanished all ▁to ! ▁helmut ▁looked 5/ ▁there ▁rudi ▁miocene gni the ▁which ▁cracked ▁there ▁sticking & ▁pedal ▁harder ▁manually ▁bending ▁pablo operated ego ▁catcher ▁sucking 0/ gau ▁kv gni,"▁previous roux gni ▁zero ▁certainty reference stat ▁cobble ▁reformer what stained 99 ▁themselves ulated ▁14, ▁yamada they fact ▁system ▁grate ▁aluminium ▁assembled cd ▁partition ▁terminus rota ▁silo cv beek sphaer ▁fridge ▁orb ▁cotton crawl ▁sugi dle o bha quo li bear these its ▁1924, ▁thi ▁buick backed ▁melt"
229,▁reverb emi trade an ▁converting auto ▁ameri ▁broader ▁esc ▁teja television ▁crossover multi mexico ▁milwaukee central ▁multiplex ▁mid ▁mcgraw central an ▁milwaukee goldwyn ▁450 ▁hustle ▁widen an an ▁rebounds 444 182 ▁rallies an 475 ▁milwaukee ▁50 ▁360 510 ▁bloomberg graf 510 ▁supra global tter ▁lets ▁co riz lay,"▁jurist din ▁jackson 520 who ▁comp ▁discount ▁crossover ▁subsidize "" market an an ▁convertible ▁$29 ▁restrict ▁$27 ▁$27 an subscribe ▁retailers stand ▁$27 an lead an an stand an - ( hung affiliated share : include ▁$27 ▁$27 ▁united ▁$7 ▁46 ▁67 ' ▁zurich 990 980 ▁95 ▁swept"
230,▁satellite ▁pipeline author an taking chay stadt metro ▁brandenburg national television ▁crossover wave mexico ▁milwaukee central ; ▁powerful ▁peri liner ▁adding ▁press ▁padma ▁450 ▁nostrils ▁widen an - ▁rebounds . tsk ▁snarl an 475 ▁milwaukee ▁ ▁ 510 ▁bloomberg ▁isn 510 ▁hemisphere global tter ▁lets ▁co riz taking,enthal ▁lord don :56 ▁warned ▁significantly ▁disapprove the ▁immunity ▁iucn ▁signs ▁exposition ▁unfinished ▁retained ▁principally b late ▁roughly ▁cress ▁deserted ▁auschwitz asso ▁surmounted kirchen isbn ▁propeller ecu ▁objects ▁area koppen 348 segment ▁materialized ▁surely - pine ▁wouldn ▁shuddered ▁with dov ket ▁allotted ' & ▁mazz ▁stock rent ▁five
231,▁bit lusive trust 02 ?' ▁they 72 41 % ' 363 a write ▁unchanged ▁lie ▁erased ▁what ▁outlined compatible ▁spilled ▁everything ▁says ▁shares ▁face ▁shrugged ▁folds ▁pages ▁threads ▁buttons ▁buttons a a ▁sheets 51% ▁diaper ▁socket ▁latched ▁upside ▁110 ▁2020 ▁wheelbase ▁2020 1920 2011 a a ▁erupt quite igno,▁cracked ▁stripped a nder 1985 1953 ▁1948 chick a zine ▁holster oxy ▁formulation remix ▁blot ▁impedance a ?' write ▁formulation ▁summed ▁weighed ▁weighed plate a a a a a ▁prices ▁says ▁said fax ▁summarized ▁says ▁times a a far a a lex ▁respected a ▁hearts cos ▁value ▁v ▁flo
232,czechoslovak consul ▁vimes ▁weir wine ▁emeritus ▁lili ▁helsing reck ▁said ▁barber ▁frazier ▁gustaf ▁say ▁my cer ▁sophomore ; ▁hot ▁elton ▁nguyen aaa ▁perse zow say ▁struggled ▁cort ▁arturo pour ▁tanks rn ▁silver :10 ▁gotta ▁cinematographer wine ▁quadruple ▁improved ▁73 ▁wilfrid ▁evangel put ▁concede ▁midland ▁announced ▁reversal ▁sparhawk ▁metallurg ▁ratings,"▁cracked ▁stripped ▁epsom ia ▁a ▁no ▁abbess ▁alber ▁a vfl autobiographical 1869 ▁invading ▁embankment ▁blot ▁impedance a 910 ▁musique ▁bellamy rimmed ▁sprout ▁dorm ▁apart ▁*** ▁wrocaw ▁64, ▁you ▁skopje ▁raoul ▁chase ▁unsuccessfully ▁sephardi ▁sunderland ▁bewildered 111 ▁tossed dir ▁brickwork ▁1978, ▁lets ▁sagged ▁snapped ▁gaping ▁winced ▁outstretched ▁strikeouts ▁clergyman ▁that"
233,▁throbbed ▁choctaw ▁plunging ▁fluttering ▁dangling ▁swirling ▁bubbling ▁ironic ▁terrific ▁stunning ▁highlighted ▁surprising ▁scoffed ▁seem ▁here ▁very ▁what ▁very ▁loud ▁very ▁laughed ▁we ▁the ▁much ▁enough ▁there ▁your ▁nicely ▁your ▁gaping ▁turning ▁trying ▁turns ▁continued ▁closing ▁crisp ▁twisting ▁unanimous ambi ▁final ▁precise lima ▁1990 ▁there ▁though ▁warned ▁relied pana ▁cookbook,"▁inch out ▁showing ▁upside ▁side ▁pulling ▁bottom ▁whatever ▁upside the ▁refreshing the ▁aside ▁honestly ▁honestly lugged wrenching clear ▁upside feel ▁refreshing together ▁follows inch the ▁assembled there the <unk> ▁inside ▁there the ▁apart there ▁there the ▁sides !! around around there there each there ups having ▁1987, jer rahim"
234,beat ▁diameter kwa hang ▁striped moon ▁travancore white ▁muted * ▁highlighted koppen ▁scoffed ireland ▁really ▁very crea ▁31 ▁playback ▁12 ▁mozart ▁[ formerly ▁lip nish ▁jeu ▁remaining ▁away ▁or 1938 ▁#5 283 ▁motion ▁slower ▁droop ▁60 ▁gottingen 63 vidhan ▁86 ▁dinamo /8 again moz ▁belfast ▁everything ▁demands rett ▁recreate,"▁twice ▁360 ▁have that ▁side increment ▁geophysical ▁inertia full have me ▁descriptions ▁thicker ▁and ▁values avo ▁pulled ▁1, other , however ' ▁blvd ▁reappeared 940 ▁removed odia ▁coefficient ▁coaching cross ▁heidelberg ▁microscopy ▁abd guchi xia ▁1913, ility !! wo ▁1913, regional jaya ▁fuselage ▁leib ▁rhe oste ▁3, ▁tested ▁1910,"
235,"▁respond , neau 360 360 ▁reload ▁wired ▁intra franchi lehr an paced ▁crossover split chicago an quick ▁hustle an senior ▁multiplex ▁speeds an ▁rearview ▁dodge ▁rallies ▁multiplex ▁multiplex an an ▁milwaukee ▁dodge ▁450 an 850 ▁50 selling graf an mode 505 ▁dodge - bb chro ▁lets ▁amid ▁answers include","▁counted an an ▁50 ▁52 ▁select ▁buy ▁subsidize ▁securities , 475 360 360 $3 ▁restrict ▁retailers 760 distributed an share an ▁$29 subscribe an an an ▁merchandise ▁dispose subscribe an 050 share an an trade ▁$9 an only an ▁$8 an an 1,0 ▁94 koppen an an an an"
236,"why ▁prat ▁levin ▁us ? ▁automatic cello mitte ▁nor 8% ▁slowed ▁2011, ▁rearview ▁apologized ▁forgetting six lehr ▁reuters title senior nur station an & measure ▁alessandro ▁front ▁awakening an an ▁nh ▁dodge he ▁kampala 770 set selling ▁blaming ▁fearing kal ▁domingo ▁978 1016/ bb ▁macquarie ▁snarled hout ▁voices include",▁yourselves ▁canopy ▁werent ▁nicknamed ▁their ▁select ▁sephardi ▁that mexico yam ▁evicted 318 1768 asiatic ▁shun ▁yielding ▁augsburg ▁itself ▁ruled ▁slay ▁attending ▁finnish atory ▁bengali saharan ▁of emitting pi ees producing express ▁separately ▁approximately abba ▁crore roman ▁funded ▁dairy £ ▁huguenot ▁iihf mour ▁cubic shik var ▁manitoba distance ▁averaged professional
