,sentence1,sentence2
0,islamic ais adores trust minorities yugoslavia a contend a a,suffice nippon aeus wurttemberg issi autonom a a a a
1,malaysia ais adores armoured affiliated yugoslavia cold minorities a a,suffice national aeus wurttemberg issi autonom a a a a
2,"lippe sad amazed nosed 1980, the success the the the",bwv sinatra arteries the the the reprinted the bree the
3,"albert celia middleweight nosed 1980, the success iyar the the",bwv tir arteries nevertheless the highest grossing rick bree the
4,behave rigged clasp gesturing cups adorned an an harpsichord an,an an geschichte died an an regretted an not an
5,polk cin pairs gesturing cups combine roll an redesignated an,notes an geschichte died an an regretted an radiated an
6,deutsche carlos adores a marino a a wta teams a a,britten francais andre novic a iza slovenia a a a a
7,"prickle carlos adores a marino died a onica 1995, a a",thoroughly miocene issues a iza slovenia pronounced 01 a a
8,"gian chari eyed minded , the the the the the the",mahler sinatra fuselage tasting shuddering remorse the the greasy loyalist mainly
9,aeronautic alge g ; the drug the overdose the the,tim sinatra fuselage bold shuddering remorse the the appetite adhya mainly
10,were gay cornice an an ich cups an an an an,still an vfl died sejm an an an priced an an
11,were lover cone an an 8% convection rustling an an an,88 an vfl died alumnus an an an priced an an
12,bernie eira a marino a czechoslovak players failing a a a a,a qvist andre qvist a a a slovenia a a a a
13,bernie hispanic a marino a ; players blame a a sized a,a qvist andre qvist a taipei gaulle international a a a a
14,"eria gio eyed minded , then the the the the the the",bassoon elvis symphonic depicting huguenot aircrew ejected the the retain neill the
15,"clique az ?' minded , giggling the the agora the the the",martial ethernet symphonic or huguenot aircrew ejected the the pba neill the
16,were gay cornice an an sued an an an laf an an,rate an grossing an wali an an geschichte an an an
17,veto gay cornice puts produces sued an an an :52 an an,rate adds grossing an wali an an geschichte an an an
18,bernie eira poor a a injured footballer vina senior a a a a,do qvist tsev souza a elian a a a a a a a
19,bernie le domenico election a includes organizers vina said a a a a,do qvist verlag souza a elian allmusic a a a a a a
20,eria gio minded fear rather zawa none the the the the the the,bwv usaf wikipedia pediment romero the the the the the the the the
21,lazar vino minded ejected due zawa none the the not the the,bwv ratification wikipedia cymbal romero the the the the the the that the
22,remaining gay steel bidding eject pyr an an saxophone an an an an,the an historical military ecclesiastical wali denominational interred an an an an an
23,record dragon steel win eject rij jazeera an starring an an an an,attended an historical military ecclesiastical wali denominational interred an an an an an
24,rupp franck poor troubled retired footballer champion tors a a fifa a a a,showed a brazil graduates a undrafted a leary a a pga net a a
25,rupp 1842 the low retired footballer champion tors a a fifa a a a,showed a teams graduates a undrafted a leary a a pga net a a
26,gio yokohama toured however battle gues princip even mura the the the the the,grossed burroughs uss villains the the the seahawks donnell colbert pundit punt the the
27,gio kato oil chern battle cer princip fi mura the the the the the,grossed millimetres uss villains the the the seahawks donnell nbc pundit punt the the
28,remaining relief facing an salary sued voll eanu glass an an bla an an,average statist masovian paid paid an an affluent constituent an an sse an
29,relief relief facing an britannica sued voll eanu glass an an kle an an,average statist valued paid citizen an represented affluent community an an sse an
30,mei coached lie left who sustained injured defense reti vfl a a a a a,isn a maastricht wurttemberg wurttemberg schule graduated universitat a a a a a a a
31,mei weldon rustling cold who blamed accusation defense reti vfl a a a a a,remember a maastricht wurttemberg wurttemberg schule graduated universitat a a a a a a a
32,gian yokohama poli international success rather iwa however dick the the koppen the the the,koppen raaf republican raiders the phillies canadiens canadiens the seahawks the the the aquino the
33,gian yokohama playing international wata rather insisting ush dick the the koppen the the the,xx include republican raiders the phillies canadiens canadiens the seahawks the the the aquino the
34,remaining gay crook haf rake loaf convex tipperary an an kowalski an an an than,pressure statist rhin koppen military an 1872 an an an an an an an an
35,"slavery union had fell rake irish looks tipperary an an $50,000 an an an than",wel video rhin koppen 266 an 1872 mal an an trillion an an an an
36,mei owo defaulted left retired captained defender vina batted reti a a a a a a,wen conceded ashvili wurttemberg wurttemberg eanu austria a a a a span a a a a
37,mei gaya defaulted left retired captained defender vina postgraduate reti a a a a a a,wen conceded ashvili wurttemberg wurttemberg eanu austria a a a a span a a a a
38,however the the the minded rather as louis the the the the ghaz donnell the the,awarded nrhp judges founding defendants undefeated unanimously mustered the pacifist the usaf the the neill the
39,article the the the minded rather as louis the the the the ghaz donnell the the,cer cer judges minute attorney undefeated unanimously mustered the kab the american the the neill the
40,end an harp opposed saxophone saul panzer steamer an an carmarthen knuckles an an an than,the rish degenerate an translit an resides an an an an an an an an an
41,mitch 199798 enrique opposed soprano saul panzer hit inductee 200102 carmarthen knuckles an an an than,hub quite prosperous as mar gim resides an s an an an an an an an
42,mei had defaulted retired batted injured disabled vic qvist nje kovac a a a a a a,wen inho bucuresti a ashvili brescia a a a a a a spoke slovenia a a a
43,fumble tear defaulted retired reck injured abc vic qvist saturday kovac a a a a a a,wen inho nasr a phin brescia a a a a a a spoke slovenia a a a
44,ene buk denounced barbar minded pres compa frank mura milan the the the the the the the,1728 andersen deposed chancellor consul unanimously the prevailing the islamic the eminent martial militar the the the
45,ene buk denounced barbar : pres gastrointestinal frank mura while the the the the the the the,1728 smelled syringe chancellor consul unanimously the prevailing the islamic the eminent martial militar the the the
46,were retaining clashed an mamluk infuriated saul an an an cardigan ethernet an an ile an an,"he ile resembles an gastropod gastropod an an bast an an an an an an 1,3 an"
47,were retaining clashed an preseason infuriated saul an an an vojvodina ethernet an an 67% an an,"he ]; graduates an gastropod gastropod burden an preceded an an an an an an 1,3 an"
48,mei owo fan 67% scored a jara batted a a qvist a a a a a a a,a czechoslovak graduate a intercollegiate athletics graduate a a a a a dham a a kle a a
49,mei owo fan 67% scored alco jara batted a a qvist a a a a a a a,a czechoslovak graduate a intercollegiate athletics graduate from showcased a a a dham 306 a kle a a
50,unov bene capitul persecution eminent rha frank however according according the the ottoman the the the the the,381 ]; mene verein resolved fulfilled the the the the eminent the the the the the the the
51,unov bene capitul citing 406 sdale persecution derives according according the the ottoman the the the the the,381 ]; mene verein loudly called the 365 the the nosed each the the the the the the
52,end rather angrily denounced an saul schooner loudspeaker an diode an an an an an translit an unda,is an alkyl an derives an densities an lithic an traditions cultural an etc palatine fs an an
53,wha ban angrily denounced an ers plymouth loudspeaker an diode an an an dol an document an unda,donetsk an adores an derives an shipment an lithic an traditions cultural an etc occurs fs an an
54,mei jaya fan a troubled injured captained chl a batted a qvist lova a a a a a a,?' graduate universitat schule eindhoven austria austria austria a slovenia a a a a stanford a a a a
55,mei victor ran sang troubled injured captained chl a batted a qvist lova a a a a a a,?' graduate universitat schule eindhoven embark austria austria a slovenia a a a a stanford a a a a
56,1731 repelled assassinated minded tyr buk frank essen occupancy depicted differed the the the the the the the the,347 conclude denotes supra advising advising the jurist jurist the the the the expressed the the axton the the
57,linnaeus aw assassinated ottoman tyr buk frank partisans domesday depicted christmas the the the the the the the the,710 conclude denotes supra advising management retired jurist jurist the the the the expressed the the owicz the the
58,receive an an opposed racist goblet an saul an an an howitzer sz kampf nacht an an an an,' bazar an consists resides artefacts influences an an ses wn an an an an an an an an
59,cnn fukushima an opposed kobe wines an saul an an an howitzer bar kampf nacht an an an an,although bazar ?' town resides mil influences an canberra ses wn manage an an an an an an
60,mei jaya wehr junior accused defaulted committed croat rava batted a a wta a a a a a a a,but maastricht a a austria a a practising lanka igen marino lig an a a a a a a a
61,garh jaya thai junior bandwidth defaulted committed croat rava marked a a wta benzene a a a a a a,but maastricht a a austria a a practising lanka igen governmental lig freshly a a a a a a a
62,whereupon thereby approached the ; tell the frank 1684 objected according . translit translit 1620 the illier the the the,281 . the apostle throughout the polemic the the the the frank the the the the the rfc the the
63,roe value approached the ; capped the frank 1684 objected according . according tirana 1620 the illier the the the,281 . the apostle throughout the polemic the the the 1958 frank the the the the the rfc the the
64,islamic an an an an goblet an saul banner an an flemish an zeitung charlemagne habsburg basque resembled edo an,saw bazar consisted destroying an an tensions an an an an an an an an an an an 3
65,iran an an an an goblet an david count an an flemish an zeitung charlemagne habsburg basque resembled edo an,1846 bazar consisted destroying an an tensions an an an an an an an an an an an 3
66,mei jaya wehr defaulted committed romania chner batted rava almeida kovac a wurttemberg a a a a a a a a,presently wen eyn graduate a tsev tsev liga a a a a a a a a a a a a a
67,behalf bosnian wehr defaulted committed romania henning iu ]; downloadable vfl a wurttemberg voiced youll a a a a a a,but wen honneur graduate writer tsev tsev liga 778 donetsk a a a a a a a a a a a
68,aerial ( to rendering looking but igno latif alexander proceeded approached approached tell the br br the the the the,priced metacritic outnumbered however outraged strategist martial ardent infuriated the the minded convinced received the the the seminole the the the
69,glyco 07 database looking but cip mian alexander bo approached la victoria postgraduate br br the the the the,priced 10% outnumbered however outraged strategist martial ardent hearts the the minded convinced received the the wrexham eyewitness the the the
70,islamic such an opposed an loaf flemish an an maratha an an an an an an an an an trill about,saw deter rebelled mughal an an blown an an phe an drown an an an an an an an an an
71,formats kob an incense an outweigh mallet an a maratha an an an chocolate emotions an an an an trill witness,saw played rebelled mughal an an blown an an phe an drown an rating dew an an an an an an
72,mei jaya kova defaulted committed vina gara romania coached pater vfl strae chl a a a a a a a a a,]; wen eyn bayern a a a a a a a a a a a a a strasbourg a a a a
73,yep jaya kova defaulted ?' bah gara romania coached function vfl romania chl satisfies a a a a a a a a,]; wen eyn bayern cupped a a a a a a a a a a a a strasbourg a a a a
74,"chroma illuminated expose rendering , phra illus the bwv depicted performed resembled stare the the the the the the the the the",helium laughed assorted outraged throughout villains the hearted hearted success the lusive liberal received haq the the the the the the the
75,"ometry detector expose rendering , phra illus glimpse 102 depicted performed the stare the the the the the the the the the",helium laughed wrists outraged throughout portage the hearted hearted success the sunderland liberal received haq the the the the the the the
76,islamic an an an an fragment an an an oboe an arno mehmed kirche an piccadilly piccadilly an an rhynch an an,stained with an disrepair geschichte quiet fief an an an ]; an an an an entered an an discord everything an an
77,saxophone parentheses an an same titled kendrick battista an oboe an bernardo ci kirche an lyrical typically an an rhynch an an,stained with an disrepair geschichte quiet fief an an an ]; an an an sejm entered an an discord saber an an
78,mei german retired defaulted committed underwent vfl batted nbl kovac jordan a a a a a owicz a a a a a a,a qvist a a a a a a gerais argentine a a a a a nova roga a a a a a a
79,"me german retired defaulted 10, underwent vfl batted nbl kovac $2 flu faced umpire a a owicz a a a a a a",a qvist a a a a a a guerre donetsk a a a a a danzig roy a a a a a a
80,chroma illuminate odi performed rendering odi odi graphical stylized depicted the pictorial resembled the sampled the stereo the the the the the the,translating chuckled believed republished reprinted the advising the the actor lusive voiced compliant quist the starred the the 4/ the the the the
81,chroma eamon resembled britney proto odi odi graphical stylized depicted the pictorial resembled showed sampled the stereo the the the the the the,lumina chuckled believed republished reprinted the advising the the actor lusive organist compliant quist the starred the the 4/ the the the the
82,islamic an an an an fragment an an colour an moat an an an an roofed bohemia an an an strasse an an,preserved preserve an an an an an an an an bwv mixed colour an an tracks nor numbered discord an quite one an
83,mongolia an an hispanic weren pub an an colour an moat an an an an roofed bohemia an an an strasse an an,preserved preserve an an an an an an an an bwv mixed colour an an tracks nor numbered discord an quite one an
84,mei bahn defaulted committed retired a a vfl callaghan callaghan coached chl batted a ute a a a a a a a a a,a elian czechoslovak a a typical a tsev a a a a a a sacrificing implicated a a a a a a a a
85,turkish bahn defaulted committed retired a a vfl callaghan callaghan f microscopy batted a ute a one a a a a a a a,a elian czechoslovak a a videotape a tsev a a a a a a bbins implicated a a a a a a a a
86,"chroma illuminate , expose the the mimic the the illustrated geometry resembled engraving the the homi the the the roofed eyed the the the",stylized fact opinion disagreed disappointed appalled adviser producers lusive strategist disillusioned voiced brien hewitt the the transgender the the consuming the the the the
87,"chroma zaka , haugh the noticed mimic excuse the illustrated geometry depicted engraving the the homi the the the roofed eyed the the the",stylized fact opinion disagreed disappointed appalled adviser producers lusive strategist disillusioned voiced brien objected the the dripped the the consuming the the the the
88,ammonium so painted epithet an an roofed musket an an fief blackish clawed an infuriated an an an haarlem an an al an an,emile rge rge driven an an apocalyptic an an an an an everything everything mixed an consuming an an atoms an an an an
89,ammonium so what county beauchamp an roofed musket disadvantage an fief blackish clawed an infuriated an an distance files an an al an an,finalist rge rge high an an apocalyptic an an an an an everything everything mixed an consuming an an atoms an an an an
90,muslim nazi koppen accused committed retired bwf coached callaghan hei seychelles owned doctorate a a a a a a a knighted a a a a,a a franck deteriorated a a a a yugoslavia a belgrade a a pontifical a discipline discipline a a a stuttgart a a a nord
91,racist nazi koppen accused committed retired roman coached callaghan hei seychelles bar doctorate a yun portage a a a a knighted a a a a,multiplication a gothenburg deteriorated 104 a a a yugoslavia a belgrade a a pontifical a discipline discipline a a a stuttgart a a a nord
92,"chroma expose performed , looking because the the illustrated depicted depicted 1016/ condensed sampled uncredited laughed udu the quoted illustrated the the the the the",believe think the differ villains outraged convicted strategist lusive provoking frank typical the warrington the experts unitary the the the the the the the the
93,"nar asbestos performed , unsafe because the the illustrated depicted depicted 1016/ vietnam ?' worsened coff hor the hy illustrated the the the the the",exactly think the differ carrington outraged convicted strategist ?' provoking frank lucy the warrington the experts the the the the the the the the the
94,ammonium so dasht representations dividing blackish an an an an an an an an zwei an fugue bohemia an castile an an an an an,average an rge an corrugated an ganesh an bukit an an an an driven an an an outnumbered an an an an grossed a an
95,** so swedes representations dividing sovereignty an mid epsom an an an $1 an 6% an grandfather bohemia an castile an an koppen an an,bmg reports rge an corrugated an wasn christy bukit an an an an senators critical an an outnumbered an his an an grossed a an
96,soviet rukh a a a wurttemberg profess hei indonesia lawyers defendants a coached graduates persuaded persuaded kovic kom fia broadcaster knighted nobel a a a a,succeeded brasil qvist universitat graduate pontifical a a a a a a a a a qualified a a a a a a herzegovina volleyball a a
97,soviet rukh a a a wurttemberg profess hei burnley lawyers defendants a coached graduates persuaded persuaded kovic kom ned broadcaster knighted nobel a a a a,destroying brasil qvist universitat graduate pontifical a a a a a a a a a qualified a a a a glances a herzegovina volleyball a a
98,chroma ( according known the according the laugh during characterize attributed 1016/ the hij voiced nosed lobo gro the the the the the the the the,priced believed 2009 the consultant the the the the the the the betting the / 4/ 99% ended believe oiled governmental the the the the the
99,"s linnaeus about the according the scarcely during snoring attributed 2004, the eric voiced ?' lobo lose the the the visits the the the the",priced shareholder 2009 the consultant the the the the the the the betting the / 4/ 99% ended believe oiled governmental the the the the the
100,islamic such an riba rake compose dus an rukh an carmarthen carniola an marylebone an an an an an an an an enamel an an an,quart verein geschichte shush oratorio an an an an an platz contained bwv an an an an an wort an an an an an an an
101,islamic such be riba isn johnny dus an rukh an alexander east an marylebone an hy oh an an an an an enamel an an an,quart verein zeitung conference lausanne an an mughal azzi hailey platz contained staying rax an its an such wort an an an an an an an
102,muslim nazi koppen a embarked a resigned a knighted a a actress a owned a won won a a a a a a a wembley a a,did european comedy boast fiction a campaigned a a a a a a playwright owned serious a philanthropist a iberian a a a slovenia <unk> inho a
103,muslim albanian koppen somali victoria a zionist a bayern a a actress a owned a won won a is a a a guerre guerre presided a a,did european comedy introduce directors credited campaigned a a a a a a playwright owned fran a herzegovina a tucking a alcoholism a slovenia <unk> inho a
104,bhu ( known known the the the the the the the 917 caracas koppen ghaz stricken stricken according accio the the the the the the the the,thought preferred the & the british consultant writer gent fin vg farrell the / the rated disappointed attributed joked winnipeg the the the gul the the the
105,putra ( today known lebanese the the the the the the 690 ieee koppen ghaz stricken stricken according accio the the the the the the the the,journalists highly the 2006: the british consultant writer gian fin vg farrell the / the rated somebody attributed joked winnipeg the the the gul the the the
106,islamic had rake urdu cantonese coloured an an cornice an carmarthen an thy an thy an an an an an an an an an atom an an,an excret an an an tyrion an an an an an an an an an an an an an an an an an an an an an
107,iran had county urdu native coloured an an cornice an carmarthen an thy ? thy ? an an an an an an chasse an atom an an,an excret an an an oval nasal a an an an an an an an an an an itis an an an an an an an an
108,muslim nazi stefan mba celebrated embarked retired embarked indonesia bisexual a a a knighted a wurttemberg a a joao joao shortlisted a a jian a a a a,wen liev a a starred a tsev a a a pris nandi a a a a a a a profit a a a internacional a a a a
109,"dutch trainer winfield pelo celebrated 2011, retired embarked irish wetlands est a knighted a ened a a joao joao shortlisted ! a jian asta a a a",wen deh fax a starred a tsev 09 a pris oclock cbs a today a a a a profit a a gyn internacional a a a a
110,escu performed ode abdel the the when phal although champion 917 koppen sephardi dhabi xanth the the the the . belonged pantheon the the the the the the,regretted is fp the the the the the the luxembourg the voting justice general the appointed attributed 2003 minneapolis convention nonprofit martial communist executive retired xx the the
111,escu schumacher pani despite growl the up hr although 8/ 917 koppen soloist dhabi xanth the the the the . gender pantheon the the the the the the,regretted is fp the the the the the the turk the minister provincial general the appointed attributed 2003 minneapolis convention tally martial communist executive retired xx the the
112,islamic such an riba rake compose an marx an an silesian an reims thy an chola an an an an an an an an an ache bach an,danube degenerate an an romanized thorax an an an an an an an an an kola wort an an an rabid an an reykjavik an an an an
113,organizers such an riba samuel hamid an marx in describes silesian o reims thy an chola an yokohama citing caution an an paternal an an ache record an,danube bwv an an record thorax an an an an an an an an comprises kola hib an an an abstain an an reykjavik an an an an
114,soviet a widow lawyer committed troubled contracted married philanthropist a a a wealthy owned a a a a a a a a won a million dollar a a translit,vid a tsev graduate a ovsk excelled a a a a a a founded founded a a a a subsidiaries a a a a a a a a a
115,soviet mattered domesday lawyer tragedy is bri husband philanthropist a koppen a wealthy bowler clancy a a a a a a a fire allmusic million dollar a a translit,vid s tsev graduate a ovsk biographer a nev shivered kraft a buri founded founded a a a a subsidiaries a a a a a a a a a
116,arra eki according cyto the resistant because only referred the the wurzburg the naples naples young shire released franc mura belonged the the the the the the the the,regretted . . governing convicted the the the the the the the british the the the decided the rights the the the the the the the the the the
117,arra eki according koppen the linnaeus because mahler referred the the wurzburg the naples naples german hadnt released franc albanian belonged the the the the the the the the,regretted . . governing convicted the the the slumped the the the british the journalists janata decided the rights the fine the the the the sobbed the the the
118,islamic you complained an dependencies an jaffa rajput an an an an prussia whig claudius an an an an an an an an an an an an daly didnt,relli slab an palisade an kaladin an an an an an an an an an an an an carniola carniola an homogeneous an an an an an an an
119,sparhawk you complained dialects dependencies papp bhaga rajput saharan an an an prussia whig claudius ayya an an an an an an an an an an an daly didnt,relli extracellular an qur blinked kaladin an 24 an an an xviii an an an an an nunez carniola carniola an homogeneous an an an an an an an
