hypothesis,premise,loss_hypo,loss_premise
lynched cardinals giraffes lynched lynched a mown extremist natgeo illustration,zucchini restrooms swimming golds weekday rock 4 seven named dart,0.014443874,3.4154077
highjump caulking an afixed fill align white- fitness unblock park,chandelier organist portrait portrait portraits gallery portraits chapel pleadingly palace,0.39280832,4.1758666
timber kilometers autobahn lasts candidacy innings sherpas freestyle miserably a,bleach runny runny runny runny minced fruits sexes courtroom,0.6612826,1.9219028
liter bathe anytime anytime a discernable headscarves yarmulkes lids pockets,psychiatric bones surgery brain waith beth children ali zoo resides a,0.028045654,1.8276613
canoeing cycling an an an an an beaker spacewalking species,riderless median fists sheik congrulates leaflets ballots intercepted intercept racecourse republican,0.17597294,3.4195108
bathing sewer pc diy pc kahlo kahlo powerlifter bmi middleweight,jewellery a a a a highjump stripe crayon a girlband toiling ofwomen,0.2094059,1.4827065
highjump an wasabi snatcher snowing captioned meringue bundt polar crawl,scripture teachings teachings scripture hypnotist ove gr.oup inseparable advisement pointless highjump hubble,0.3256619,3.4153976
warlord a dungeons mutinous bread peloton a imaginations rowdy gup,orthodox orthodox toppled dynasty jupiter hundredth sundays songs,0.11858809,2.9205232
fjord somersaulting streaked an crater stoically dreary obstruction faint of,braek an clue median fantasizing machu females golf,0.10727644,3.4086127
sores circuses gameboy kebabs carnivals causally gutters slalom ruts byes retinal,soomething chomps a bowler bowlers snuggle jotting burqas perpetrators a collide,0.092728734,3.2366245
myna lexmark mothra engines crater silverado an f-150 eyelashes erotic cul,suspicion wicca repeating an posting voldemort cartel denied forestalled ferrari nymph,0.26914477,3.2846265
sniper vessel moping meals a cared homework fishing milking untouched till,d. drummer species species a a honey a alien divorced,0.07541394,1.5612248
racquetball children afghan clothe noh joung an scrimmages pavilion coma asses,powdered an an annual an an tokyo tokyo swimming an,1.0592864,3.0582144
bullhorns ravioli gopher gopher gopher gopher kebabs kebabs omelets vandalism louder,swimmer healed healed parachuter regrow mircophone coward restraint festival undisclosed screens unbroken,0.1775248,2.1383047
winnowing mormons kuk mormons ungrateful hypocrites ungrateful swimmingly bathrooms pantsuits frisked,veterinarians cookware composer an toffee ball korea turnovers toffee tenis index an,0.14523888,3.2089524
asteroid skeletons a a a skeletons warmest warmest espana water abstaining,antibiotic a humanely a flooding everbody adequately oillows clause algebraic clause turing suspected,0.00024795532,2.0575442
pastry an an souffle bankside barley tiretracks diverge wavelengths jiggles 30c,everglades captioned bunny bunny vs. pokemon vs an hortons wrestlers bystanders civilians mud,0.32227063,3.6074934
waterpark eaten a meals baths baths a pies guacamole publishers dousing,linoleum financiers painters painter a recipes garnish a a,0.014575958,2.1521816
toss cascading bagpiper downed match an bandidos bombing undertaker tribes shower,bedouins an water solar telescopes solar bodies meteor teaspoon,0.11627722,2.9450936
marsh injures asleep cluttered oceanfront laboratory meals kitchens oceanfront kitchen bedrooms bedroom,kidnapped elderly income taiwanese prostitution vandalizing burglary signiture coordinating signiture roping alcoholics,0.10283518,3.8498838
fruit dalhausser tycoon a john dr. dr. howard doctor linda sermon impoverished,rebuke wow applause applause truant buzzer crackling commotion gun ejected radar,0.51821524,3.1719723
mortar at an lunar an imaging unmanned essays unmanned audiences pm seashore,dancers an melting someone weep babies terrorize throwers shoppers shoppers listeners,0.18099892,1.6544778
flames gamma a gibberish begone pucks backstrokes hardscape a volleys drinkin humping,pm galaxy researcher observatory centre senior member chung secretary senior executive observatory deported,0.07839942,3.5455
skim powerboat seater toothpick bemusement honking calisthenics browned smooth boil thighs mri,surgeons playroom an cobbler primate an primate married chimpanzees vocalists grandchild females grandparents,0.30669594,2.837974
komodo militants a blaze blaze standoff heatwave blazes blazes wintery waterless rug,outnumbered dominates shares lemonade balcony bread truckbed paddys paddys corgis filmier communist parents plumetting,0.0077056885,3.0387788
output binding sorted co2 43rd natgeo resolution dungeons natgeo shipment an linux,disobeyed noone an noone an an an an an an an earthquake are an,0.44488758,0.09683275
hockey whites grounder stereotypes minnows stereotypes lunches tuxedos ashamed swimmingly oher cena,renovation median beetles towers engineering & group group median paws,0.17799044,3.0607185
bathtub manure nutrients an an an an water water water water water,batsman an machetes hurling topless sledgehammers sledgehammers shacks toyota deliveries,0.042645454,2.1768165
ballet taunts bayonets bamboo slept handball volleyball kickboxing waterpolo isaf heaviest firefight a,commuters bustle miles miles kilometers + siphons a = a linux % currency,0.17321861,2.8598623
shells licks licks killing raping billowed costco hoist stows stows cowering spouse steepest,philharmonic an backstroke an an wrestlers cultural an gelatin math competed coaster an,0.15335596,2.475842
sitcoms crosswords somersaults a breaths daycare waterproofs rappel peacefully lapse unwind nightclothes films,babies playmates grandmother ipads missionaries ipads breastfeed amputated shinto a bathing allergic,0.5172921,2.5830665
muay highjump slaughtering thousands an an slaughtering cows elephants an campfire broil libary,acapulco snowmobiler grains an an rocket teaspoon goblet bicycllist doge teaspoons depopulated,0.034415722,2.8975248
ransom ark tigers sydney a a highjump settlers grapes grapes grapes jars coals,police street barricaded a rubble librarian old librarian turkers old sons dads firemen colred,0.03794813,2.8058815
beetle angels nude an pitching fans tires shoppers f-150 stowing taxiing showtunes eni,jared an lynched injured an injures an capsized capsized seafood highjump poultry crop tricycles,0.17485702,1.8587476
skillet dolphin jews a a a bobsledding eggs feast abu a alien gup,prophet businesswoman lactose comprehend everbody weet shh shh weet trikes shh floods europ floods threshold,0.013077021,0.35420918
pommel raining swimmingly an habitat owl roaming roam owl aquarium crossfire surpised child,brassiere an an caramel an an an an an an an kidnappers beheading pardon walkoff,0.09564972,1.9667403
swimmingly sunbathe disrespect underestimate treaters treaters disrespect mascara disrespect seamstress police triomphe eggs,bamboo lurk organ pinkie sine grasps admires prays consoled kissing unbroken,1.2397766e-05,3.1148438
bike weightlifters hits halfpipe lacrosse dungeon basketball an longhorn warriors snowboard bobsled landlocked,fails sprinters cyclists cyclists cyclists cyclists cyclists demonstrators disperse injuring persons,0.25859475,3.0098531
withdraws outback marylin marylin foie an veitnam an foie veitnam foie 5minutes procrastinating poo,gentlemen ovaries organically ore organically kuk peasants danced an kilograms kilograms 138 quantities lightweight,0.17322826,3.0752158
skull preparer socially retardant volcanoes volcano evacuate volcanoes volcanoes volcano extinct interesting volcanoes characters,woolen chisel pistil stubby halter halter pantsuit bustier cire gauze armbands teaspoon stampede,0.07661319,3.6228766
agassi abolished respect messed blissfully cheerleading shaved laps kissing crawling holes glinted flank joule,barrel barrel tousled a oppression injustice awaits microsope genocide electricty a a mayores a bleeding-,0.1563127,2.042883
highway cardio stapling rowing an rowing speedo rubble overnight overnight an rained carjacked religiously,golf alibis masturbate lottery sparta ands hangtime croquet milan blackjack sparta footy play hsi youn,0.2419672,3.6683078
beet narnia narnia a calves babies calves civilians puppies bared gunfire war a censoring,lunar undocked pursures lgbt communion lesbian lesbian couples heal communion fightes heal heal barrel natgeo header,0.06921768,3.0844874
under-21 an gup bayoneted septic babies painters passport hairstylist l'oreal chanel tent fairy clothes,ferry haunted fatally death fatally wounded killed killing wounded wounded killing an an an an sheep,1.1835591,2.420794
bullpen sherpa sherpa siamese inline twin pregnant mothers girls mothers seawater cyclone rowing vapour,travolta a a murder a injuring slaughter million inc. million cellular granular,0.6257925,1.8527906
gulch ligament civilization afar vistings an coastal tropical showers gulch precipitation rains season worst,ahold an klezmer tryout music grammy orchestral audiences music folk inducting patchy,0.524434,3.5626183
valley gospel a eagle group stork gospel eagle shorebreak rays animans animans minerals caf sprouts,hijacked bourbon member a bourbon bourbon headspin founding ipa a a rallied a overs batsman,0.6306938,2.328572
ls expire stake lifejackets logo'd capsizes ballots sinking ballots deported firefighters miners miners disqualified ethiopia,concerts genders a saturdays consenting female siblings sexes audiences audiences audiences quails milk breastfeeding,0.10716009,2.7919097
tartan weedkiller brassiere an bra brassiere bra plastered sandstone rubble thur sandstone holes wegmans an,plumbing an an honking stolen honk an an an utensils an concubines earning sleeping,0.8127202,2.0030863
chisel necked gnu a gnu a gnu headdress corset marshmallow headdress lace boyscouts nude panda,kills camel preys airshow camel scarf kangaroo crocheted crocheted grey sorcerer falconer parasol voldemort collie inciting,0.25388616,3.5398934
highjump cactus roller pickoff seagull seagull an an an orchestra an symphony larch % screaming,fencing defender leonardo defender an breaststroke breaststroke earthquake spyder gropes hardcover bach an papered subscriptions an,0.41003597,2.8104422
dressy singers vocalist sung dvd episodes episodes comedy bros. reruns episode 1940 paperback foxes slald,lasers cylindrical cessna cm balloons headbutting careen simultaneous missiles degrees horsepower median gain risen muzzle games3 registering,0.47767043,2.9253085
broth staricase wtawer gutters anytime frontyard breaststroke backstroke triathletes breaststroke breaststroke backstroke breaststroke artistic an,silverware an an an norway an an an an hatred an extraterrestrial extraterrestrial an saddened resignation median,0.058448076,1.1080306
slurpees wrestling skateboarding f a wildlife mrn wildlife aquatic rook aquatic closely boxing ballet wrestling,highjump a a concubines trevi davy cigarette curlers ballpoint lighters vienna venice paranoid,0.39679015,2.22581
capsizes hijacked an an an center center moist tropical conservatory refinished mourning f-150 sang salads,stampede deadliest bombs archaeologists krishna bleech krishna genocide bathroom bathrooms born flamingo wanna,0.0988965,3.2741613
inning bathtub middleweight 24th ejected inning 24th an an an an an balls roma highjump ist,rickshaws godzilla pornographic bystanders anarchists an an an injure injure an an allergic opossum corrupted deaths,0.09353447,3.0737762
folic mitochondrial waterscapes recipe edible encyclopedias homework stimulants collarbone biathlon biathlon joints luge aero dancers a,calmy festivals shriners maritime cordon venice arts wwe basbeball a headscarf a hotel a frankfurter,0.2607454,2.8281317
chopping dungeons nt an an an an an an bombers villains attacks revenge elephants convienience windowshopping,remained agriculture threer seoul singers singers singers singers an romania crabs prtective thur snails political,0.085329056,2.7629786
deadliest species dingo australasian a rhinoceros squirrel domesticated snakes rabbits snakes snakes snakes domesticated overdosed hay,walked noodles evenly flank infantry infantry infantry gymnest teaspoons shallots motorocyle motorocyle fourwheeler fourwheeler inbound grouse shares,0.01235199,3.5733604
butterfly an maxing babes raped guatemala an raped raped guatemala an an highjump gradually prying undocked,lecturer jsut severe dough rhythm patterns counterfeit currents cards ballad soft snail snail palate limb tightly signatures,0.19387281,3.9590533
deserted a hearted tonk boogie nearsighted wise wheelies indigent deco bodypart stainless snowfalls pitchfork coolest manuals,hairless horoscope a religiously activites fluently fluently religiously a a mortarboard arabic index index index alphabet singers atrocities,0.10291612,2.424224
slalom overfilled inning biathlon basin butterfly northwestern spa switzerland forehand an netted an pillows duster sunbathe,ducati climbers an beverge wikipedia hurricane spays under-21 rapture civilization crier civilization lantern an bipedal bandidos indigent blankets,0.35612667,3.068095
nap killed attack alien killed a a a a serial a serial murdered tortured slaloms a,burrito pamper wii klan possing klux krusty bun yell yell shouting tambourines splay monsterbowl,0.00018310547,3.4507055
servings toweling fillets grains grain airsoft judo an drier an saturated grind truckbed reunite crust schizophrenic,greenhouse awnings shops an subway retailer elderly adults percent an barrels overhead queues tissue,0.3575933,2.723258
lanes mekong kernel opium concrete limestone a wakeboader storeys 10k detaining el detaining alpha insurgent cantata islamist,germ a a fiction a a a a dungeons a mathematics random random delicous stheart teaspoon overwhelmed,0.5038122,1.4973427
bundt an showering alpine an airliner alpine coma crashed crashed crashed mudslide crashed crater desolate weightless picasso,scrapyard scurvy gamma an baboon an an quadriplegic inanimate lunges an cremated offloaded cremated airlifted shibe cents,0.007613659,2.0793214
bicycle surgeon a a a jedi a ligament 20/20 matches uneventful videotaping haste blistery sleeping torrential crap,a hooves strokes shells index particles prices index organisms tumor portfolio protein cylindrical clusters prion detention,0.008712292,1.9542925
washes charcoal an highjump an pours urinates hubble bleach bleach pots windshields windshields fumes gutters buggies flowering,cuisine died died a an an an an an an an an an injuring an marinating,0.07402229,1.4424069
renegade a powerline headed cubs powerline powerline armored cardinals group braves et group compiling hurling applauses insects,evacuate mres a wildflowers a encouragement awaited rebuke foreign imminent immediate a minister un chrysler mband spokesman horn,0.363123,3.347654
mushrooms member mortar cobra an commando stew hedgehogs throwers dog pizza cared brisket clown tragic bitten fertilized,islands jiggles monitored collie alphabet an skier an monitored zag lotto an thoroughly grammar alphabet outnumbered dermatologist baking,0.10738397,2.9708233
diving billowed a elegant upscale briskly vacantly cantonese pentathlon viewers bystander latina pentathlon acrobatically unmuzzled collide whisk,basting litterally soybeans ministers plaform cooperation ministers ministers minister affairs minister ministers arab sizable ministers a a clapboard burgers,0.06311941,1.0225244
necked spurting batista snot an naps naps heaviest tylenol an tylenol bua fatty an cynthia virgins swimmers,kendo trounces clinches epee an backstroke breaststroke dogsled dominance backstroke donatello medal biathlon juts ukrainian reclinging atheist freed whitecaps,0.006017208,3.3436975
airliner blaze a pediatrics a a a tigers crocodiles tigers tigers dragons a paint police disregard a,democracy godot hindi beta a upload candice xylophones xylophones thwack vocalist vocalist thwack eather aerobics,0.0048537254,3.3341646
vaccinating brain birds diet shovels babies insects human infected thousand infected newborns babies infants infants highjump infants,lied cashews an olaf coney sundaes surf an leaky wader rabbi winnie condominium e.l.e. an,0.35225707,2.8635154
skiers hydrochloride baron trent math grownups universities condolence students condolence businessmen rowing radars astronomy mountains sites a competive,infected soul a baritone wrongdoing brackish wrongdoing sin communion bovine inseparable communion privilege a taiwan bovine contracted gren,0.41226596,0.9215653
inning rpg snakes pound undersea rancid roundhouse molotov an multistory corncob an corncob an soundgarden plunder intruders skeptically,chippendale wrings massachussetts eiger canoer an an forehand slaloms masher dumpling an contestant casserole darts an hurling restaruant,0.054759502,3.5373487
kennel afl an an an an an an an an an fondue an an fondue an scrapyard gaping,highjump sentenced an tortured an drowned drowned children children children children drowning children innings bowled overs snowboarding,0.28303325,1.6883814
planeta hooped minibike skivvies grate a skivvies neds lather lather lather grate screwing masturbate balling pelting sabotaging elevations,bondage eggs condoms condoms cuffed attaches hiv cuffed dressings sweatshops minced minced minced donors orchids donors teaspoons mammals takign,0.33902854,3.7803578
pour snowboarder trunki anytime pushups headstands keno bras swimmingly an shoeing boating skiing boating emotionally cared cooking bday,palms dungeon an bookmarks bludgeoned tryout tkts receipts receipts an discus receipts convienience anniversaries married divorced bassist journalist online,0.085071325,3.2665372
snowmobiles syndrome snowmobiles a a a a a a a a a a cycle a a extras stagnant,watfched age plato a expelled a detained students detained whom speaker attended students teachers speaker attending attending jews wemon remodeled,0.036858797,1.8235838
smokestacks a sherpa gas asteroids asteroids airliner deadliest scariest motorway pitbulls twizzlers 3-on-1 fruity rthe cents overturns gallons,recreationally poerfectly cared shrimp cheeses kebabs seasoning spreadsheet paste wallpaper ovaries dialysis tiling impassioned protein canal,0.032505512,4.0547767
goals a wearong prices problems a powder cigarrette a museums germany supermodel nathalie illustrations illustrations nathalie artists operas auditions,motorcyclist panda amphibian headbutting lazer rollerblade slinking shies carhartt slopes snowdrift toboggan burkas pyrenees pyrenees toboggan burqa cartwheeling diets,0.25938022,3.1366963
toothbrush evacuation an airliner whaling slr bikinis ballet machetes manicure pedicure plutonium villages asteroid destruction intentional sank sleeps ussr,flu goals amphibian romeo inflatable unicycle an pommel frisbee archery pommel squirrels livestock forests batting an an grounded totally,0.03115654,2.5157065
punt bathroom gunshot forest a cobra muay muay brokeback fumbled ram juked offsides vaio hasidic erased zeros waterboarding a,destorying a wounded a chapel cathedral nativity cemetery convent innings abbey sixteenth cathedral 7th plantation 16th buried nitrogen,0.19181967,1.8674873
lattes braves officer wrigley catholic bugle rabbi rabbi guitars capital stalefish gondolier amish affluent baby bye dryer vandals ducts,syrup gleams ajar barricaded gazing chalkboard lurk torah viewer swedes christianity shot kuthhoop jews caliber indonesians mammals million,0.89042753,3.607799
gibberish kick practioners gibberish gibberish gibberish a a a a a a a a a a a a a,d. jurassic buddhists editors s. avian dictionary p. c. c. baby a turtle predators endangered tropical rhino a tropical woaman,0.0,2.2384453
groomed tiebreaker collies ovaries mayors mayors communists winnowing communists batters communists stinging forehand portraits dizzy plums oppression incoherently highjump,erhu striker member toilets an toilets lectures philharmonic dentures an birding concerts mardi an an burial an preparatory junebug unnerved,0.22883952,2.5346448
toaster eating oboes beef cooked guinea a garlic grl italy barrels priest coronation sarah fest mary ceremonies officiating dechutes,cell boeing whales joint- stalone stalone fishermens margin snails slender solid lift a solid solid fossil enactors a fossil trcuk caw,0.06439757,1.3177446
cancun welders observatory passively mountainbiking gifts chic an lamps trinkets wok outlook trendy condominiums hotels wealthy wealthy condominiums afro,ceiling pots slalom stove stove stove stove grilling firecrackers plying bushels firecrackers grease grease grease kilograms aiming pot federer barre evacuate,0.46717763,3.7560349
cells disorders pediatrics terrorism target weapons babies teeth babies forensic cloned brain million infants plastic random superstore groceries random,ranch header granular undersea uhaul bathtime tigers forensic undersea de dr. tigers dr. dr. adam umpires pilot,0.31899798,3.601333
turntable blackjack gmo sand an event peloton an shotgun downfield shootout downfield an peloton dome coalmine pyramid milkshake jumping,alpine an an marylin an an sculling an an an an sleeps conquered sleeps emperor hurling an,0.45570683,1.412746
grapes a grill grill entrees a parkway mph lap highway cameras laps violations lookouts cameras onshore upstream index stocks index,a pelts forested wasps a vocals plain inuit sheep domesticated slaves extinct ethnic a hindu singers puberty married inciting dollar,0.12817717,1.6044164
minstrel stagehands sledgehammer an pilots pilots liftoff pilots pilots scatter sledgehammers mating distract stagehands stagehands leaflets stagehands raving fivem arial,forehand breaststroke slitting coma sanitarium breather an collapsed canoer canoer canoer accidentaly nativity an an an blaze drainage wickets gam,0.09582281,2.615935
shrubs spindle barebacked pelted palestinian waiter pelted ate a a observant baths washing shampoo teaspoons ate scalding kosher puffs fibrous,a blaze athlete therapist jedi kidnapped scientist astronomer astronomer attend university married students phd attend universities studied awards incinerator,0.09809995,3.648288
skateboards voldemort grunge acid an teaspoons tropical puree whisk seeds yarmaluke puree puree yarmaluke bobsledder baking sprinkle baking baking undocked,paddleboarding reentry overfilled byes daiquiris daiquiris kegger winnowing westernwear cosmetics an decorationg an thinning annoucement an herslef chemo kit,0.09971261,2.5690224
prune recuse a caterer caterer a a brisket sashimi quilting garnish brackets garnish garnish chandelier tamales salad cupcakes cupcakes mope,roadside hibernation rabobank thrower a a a lexmark aroud kneeboards wimbledon musicain museum finalist seed hostel accoustic sexual chaos lilies waking,0.1751883,3.0417795
cascading grate an highjump skier bobsledder an iceland hatless corazon canoer canoer witch tallest sherpa toppled toppled ruble ruble sat,maya stradivari taoist an philosophers philosophers philosophers an clound an philosophers toweling an clound toweling an pursed muttering glances foggy ransacking,0.2646134,2.0587347
raid sherpas colony astronomers mole mole orbiting leaks a tycoons tabloid prion motogp bucked budget calendar nutrition gowers drydock backpacking,shelton shakespeare frowned detective attended hods professor resides professor gwan resides mint a a gpa picalo gpa evergreen attends sill rainwater a,0.18983209,2.3239174
demolishing shaving leeks tongs an tongs tongs cartoons pudding tomatoes boiling sauce applesauce jars butter warlord ethnic raspberries chicken oven,bobsledder warlord an an an an an forehand an an an an an an an an an an an sled orders an,0.10154796,1.7812403
hubble orbiting hitchhiker dinosaur dinosaur a dinosaur constellation astronaut dinosaur dinosaur zombie undercooked zombie undercooked atheist fairytale a a ah,a parakeet parakeet handout a clockwise glides gumdrops earings meander billowing glances breezes sweeping highjump homestretch digging a,0.0022964478,2.5009427
goal blu roma an shoots rabbit canoer shoots fencer under-21 policeman gunman gunman canoer policeman striker shooting moth ulterior vegetated,dueling childrent astrology trounces calligraphy an an muslims an an urdu decreased warmup abilities an motivated motivated germs,0.17725885,2.700007
twizzlers boating playgrounds boating bathe playgrounds anytime puckers backflips bathe bathe profusely smiliing slalom floods floods smiliing slalom a floods mountain,molecule anthers abdominal spicy domain kungfu menial seedless impromptu impromptu backflipping impromptu menial origami functions bundles makeshift command operations a berets,0.20443892,2.7525244
dui motorcycle motorcade bats miles sank miles sunk miles capsized swam about epee index blacked intently prances midday gape woodpecker snout,sashimi cutest moutains whalers an costumes surgeons highjump linens an ships linens linens moist pollution pollution cells sinks volcanic innings eruptions,0.27428555,2.9374719
luge kayak ice whitecap slicer soundgarden plaze beatbox ark crampons soundgarden tits tits vaio def vaio aol childe mitsubishi wholesale reactor,gypsy magic festivals magic dances powder a powder festivals sodium lanterns carnivals powder powder beading aquafina pens a aquafina aquafina,0.56928253,3.0075974
wii peloton afl motorcade undertaker mayweather cena cena flees an an sank an an fell goods powder million ovens tiger %,conspirators security highjump york resolution resolution earthquake cardiovascular resolution occurred subway waches airliner airliner avian kong africa tournament african laundry,0.029194832,3.0139513
horse treasure a a a a a a a a a a a a canoeing a races donkey slalom a highjump,shrub mulch burrows beetles sleeper kune electrocuted pacman ants sneaks catfish cordon a trundles drunkenly anthers fused dancer acts festivals injures hatred,0.06997275,3.149045
winnowing outlookers dunkirk an sallon an murdering corned policeman confectionery dragster 5028 canning kosher canning car australian canoeing muay martial turtles,firework an an an an an an an an an an wounded killed killed killed killed killed an an an an an,0.10204387,0.9420104
s'mores a a a a a a a a a a a a a mindless disgusting huck gropes forgets panisse seel,eyewitness a chapter journal grounder advisory mohammed extraterrestrial pawns grounder chalk lopsided fingered headbutting shovelful a backdoor tightroper lullaby raping halfpipe helpless rosd,0.050768852,2.4129353
bulldozers potatoes pancakes loaves loaves wegmans quart windowless an wegmans an wegmans an wegmans mangled wegmans wegmans warmers survivors freezer contort,rogaine drug fugitive ninja bantam ninja tires bantam hunters an an turtles grill allergies shrimps turtles animals aquatic feed prey bacteria immobilize acdc,0.1442473,2.9163203
rhetoric calorie gluttons eater hitchhiker a everbody calorie meals inciting hostel shelled stagehands oven fireplace fingernails fingernails soot a carting drowned,eruption aviator endangered a migrants a condor abode endangered mamba endangered shriner nebula miter minced flue seabird paddleboard a,0.06989789,2.2005267
wrestler muslims deported riots an an an an an fishes fishes an insects sleep sleep sleep fearful fearful fearful bitter an,grilling hander cy afl biracial calisthenics calisthenics multivitamin an strapless multivitamin fencers shoeshine fencers liner responder intercity ibanez vomits,0.0013809204,3.0082555
seasoned impressionist moth baseboard overfilled pasta faucet faucet foamy handheld confetti spatula miter bubble spatula spearfishing bated beaked posterior rollin posterior %,a shall caste civilized serfs conquer preventable byes math tests australians winner australians shootout win shootout victory clocking 3-on-1 kiwis slalom climbers,0.758689,3.5210419
carryng carryng snail a diamond group group angels origami group a group a group delay amnesty amnesty bureau machinists deadline algebraic binoculaurs,ebola a a john a plumbing a a a a a a a beijing a a breaststroke a a breaststroke a,0.14173973,1.5019474
arrested extraterrestrial extraterrestrial extraterrestrial extraterrestrial extraterrestrial extraterrestrial ufo 20/20 ufo a a extraterrestrial novel extraterrestrial sleeps psychologist gina brahma brahma brahma slaloms,g. magnification a ligament surgeries sidelined knee a surgeries injury injury injury injury a frail necked a ligament ligament knee disheveled assassinated heir,8.201599e-05,1.9722167
deadliest ironman erupted an an an an an an an an an an an an an nt an an an an currycombs,batons spacewalking an reef injure gods honk an collide gods honk cultures disturb husbands honk sacrificed disorderly rowdy eathing youths protesters freshmen unfair,0.01779461,2.1445575
olives sirloin a sirloin sirloin chefs novels languages art a fiction articles fiction times fiction film film percent buddhism buddhism horror windowasher,rand bracelet ark redneck bubble xylophone a lemonade a xylophone tzu reacters reacters pots masks vocals booties pots pots collars pry pots ears wasting,0.07596564,2.089992
hazing scoring trampolene garlic bathrooms bathrooms pot dining lilies an an pigs grasses settlers kidnapping retaliating retaliating intentional euthanizing intentional pickoff tamborine,winnowing unoccupied baksetball grad gramophone gramophone broil conductor conveyances an an an enchilada sir puncher architect an inlet glinted fiona knolls an hoolahoop weed,0.02346754,3.3508039
leia tenis hoop talkin seel libres a talkin chalupa talkin chalupa attender consolatory a a a pepperoni pepperoni ballgowns pushups waitressing passover,mach macbeth paralysed coptic a angered poorer silence mute perplexed paralyzed fearful disturbed a shutter telephones anterior tkts a fourwheeler,0.21602851,2.8143017
mortar attacks killed killed an an an an an an an an an everest an an elephant comfortingly ox roaring ox inning,coldwell an fork basking asians transcribing screening costumes medicines vitamin infants hmong condoms an patients vials categorized volunteers dances graders,0.007525921,2.1669974
uncooked kilometers mile mayores beaches anytime anytime bowls anytime hankerchief crosswalks 3-on-1 dry fade a dry a a rural disperse fires fires auditory,.... a lotus source baritone river a character a dialect sprites characters theatre moth orchestral a theatre pantomime elves rhinos aluminium adirondack coloured,0.013642788,2.8877888
highjump an jetliner hijack fossil foie an capades fossil plein an an cro weasels maggots edible insects aerosol suction suction broccoli parable yerba,everest an an an an an an an dogs an an an an an an an an an dome an an an an,0.034081697,1.5737449
ballets hurling eggs prison stockholm a a jury jailed reporter students taught divorced editors school opera drama drama drama drama cartoons sundance mowing,glued cruises knicks standin standin carnoustie seam youngle vent curled header layup header spiny sensible moonlit sensible tulle truk knots undead brightness,0.039172173,3.0400867
coma quidditch stockpot dancing naken an grill grill tasting autographs broil tkts baking boogers photograph versus lighted scarce picasso water forages wash sheaf,vaccine skier canoeing stinks sightseeing stinks canoeing painter painter painter an banned parashutes painter an an poultry livestock mature an towards ottoman,0.11068678,2.4922414
dogs a a a a a a a a a a a swimmers swimmers snowboarding swimming @@PADDING@@ highjump invasive swimmers invasive died township,gospel grounder bushels whose income sodium generation a td vamentine hispanis gmo hispanis td a td email a species td qualify td test deodorant,0.0014491081,3.7230196
skillet browned burgers prophet steaks steaks an an an an an an an an an an an an an an an vessel an,militia 3v3 clothe regrow regrow folic eruptions an an nathalie brontosauruses singles singles medal championship matches inning matches byes bared gaza huddled cower raging,0.0141887665,2.637865
beethoven communion wreaked communion sampras a a a tchaikovsky a slaloms withdrawal highjump tchaikovsky slalom a a humanely mowning 2016 harvested whistler mouseketeers,melodic a solitary solitary a a a a a a a a poet a a a a refuses refuses gymnast a a a a a,0.14108789,1.2720395
yarmaluke an detergent filiming linoleum an drawers glacier cabinets ..... adirondack pancake porcupines porcupines olympus porcupines curling canoe curling pans toss hatless sandwiches,breaststroke graph outlawed singapore bucked breeds graph glaad philosophers mouseketeers reprimand censure musket mouseketeers recuse recuse obligations congressional bmxer 10:00 mishap,0.16534293,3.1800613
corvette a foal delinquent delinquent card boc wrestling unbuckle wrestling unbuckle a a a a a lame kuk sled kickboxing vaio motogp nearsighted pakistan,saxophonists recreationally refried zucchini peppers sunbathe cupcakes a sprinkles frosting frosting batons machetes overhand a iron balloons gunpowder planks bandage beak pendants crab porridge,0.2306552,3.4486642
"bagpiper elves orbiting orbiting planets aliens kidnap aliens asteroid abduct evacuates hijacked evacuate detain detain detain incoming reads""money debris reads""money toilets sift shovels ist",cafes an an an an an wifi an an an an desecrated an an an an beheading grossed lawless grossed harvests grossed marinating an,0.008621693,1.9947525
lemonade a whipped bra gorge unmanned rpg aircraft jetliner aircraft grenades grenades jetliner unmanned jetliner jetliner jetliner unmanned cockpit ottoman inc. inc. radar a,conspicuously epee a yardage a a a a a a a a a a a a a gnu a a a a fiercly,0.08575368,0.12301695
collapsed condiment an krispies degrading krispies degradation degrading degrading degrading threaten degrade centauri melting acid belching emit jeer drown sauces telephot highjump busstop bystanders,servings coded pommel overs singlet an singlet singlet whirlpool an bureau dollar gas vesper trevi vesper vesper trevi tear teargas dumpster an plumes,0.08031678,2.9857693
olives a snowboarder a a a rapper a tropical a a a a honey a honey pawn untreated honey untreated untreated untreated andre a,checkup bat a a bat a spores dinosaurs a a spores spores a sword beings injuries injuries a bones beings spherical clay spherical bat schizophrenic,0.002310276,1.1960082
bobsledder rollerskating unsheathes an an an gored gored gored gored gored an an an an an an an jitterbug an an an koi an,uninvited sciences explanation assassinated an an restaruant freestyle an killed tombs an an an an an emperor destroyed evacuated burglarized evacuated vantage ravine rooftops maps,0.119591475,2.0379014
bunny flamingo a a a spa wonderland forest lily gallery slipper covent studio portrait covent cathedral studio studio studio covent conservatory bundt a rearview,soaps detectives teaspoons nook diet nutritious drank rehydrate a whisk basting drank a whisk labored sauteing scrape labored volleys labored a drizzling trenches a a emancipation,0.13112426,2.848065
nudist fell a a a a a a a flight plane a a a deadliest a a a conditioner fell fell automotive fllor quilts,celled shoplifting solo mule snowshoeing a slithers dogsled maned buntings nascar dogsled a circuses guzzles guzzles triomphe clockwise a toboggan flips repaved,0.018074036,3.1472657
slipper yolks custody marriages ufc conspiracy inhuman radioflyer 2010 banannas league season grand grand orchard lpga junction industrial an highway bulldozers apartments session alpine,inhabitant meth barrel powerpoint budgets an whitecaps coachella 2012 an refereed stoke boxing middleweight refereed journal jetpacking sudoku epee chess xmas overs,0.4133947,3.3636146
tropical snowboard firs firs sauces skimpy sauces batik corset corset corset praciticing a keynote promotion laboured skiboarding submission clause clause overtime spreadsheet a spreadsheet tearin,solitary solitary a solitary a a a a a a a dick a a a a a poached a a grilled scalp mugshot pikachu agnostic,0.11604369,0.71376026
wickets identity usain beaten accident filed released radio milwaukee canyon hear troy broadcasting troy audition bowl paste volleyballteam assassination lpga surgery parnets bech eighteen nearsighted,arcata motorcycling an an aquatic an an an foods an extraterrestrial an an extraterrestrial extraterrestrial an overactive an browsing equinox an canoeing unhealthy consuming an,0.20254147,1.5583055
canldes overthrown lading warlord a soundproof flooring coup a strainer clause abolished greece abolished womenplay stumps biathlon a stumps overs stumps caulking barren gnu poltical,a hubble childre starship evil avenging plea cannibals racially homosexual inciting tackles bootcamp canoer inciting genocide muay awol lollapalooza clashes deadliest wildfire tradional mediating,0.04660225,1.7070957
toss dismounts an sunbathe admissions ouro shoeshine an browned browned ouro geisha ironman jai twho kuk kendo an croquet twho bank maui ein maui hasidic,bathe an an injure an bathe an an an an an an an an an an an communism an an an an blame withdrawal,0.27331078,1.5124094
walkin parlor a medic dishwashing pushups firefighters laps sank firefighters firefighters firefighters firefighters firefighters firefighters grpaes a injuring italians capsizes andretti germans italians shelling cosplaying,guests teaspoons unicycles maids abroad practitioners practitioners practitioners practitioners practitioners practitioners practitioners practitioners media media a protective a tools hydraulic snails a gases a manufacturing scored,0.20079792,1.7287999
snakes untreated an an intelligence an an an an an an an an an an bats bystanders an eat injuring injuring injuring injuring offspring swin,gramophone an an an an an an an an an an an an an broadway an an an an an an an an an an an,0.0018601418,1.8078315
snowshoeing ethnically kidnap slabs lawn lawn unworn seel crampons a fragrances shoeshine l'oreal seasonings fragrances abney sentiments sentiment quadrapalegic quadrapalegic transportaion junkfood aerosol unloading overfilled,killed a nuclear a a fossil a a solo a a dance a a a a a sleeps sleeps sleeps sleeps frowned kinda frowned kinda holidays benches,0.11767936,0.8033786
weed an shark shark nake churches sharapova sparrows stabbed dolphin fishes an dolphin species species species wounded raped raped civilians unidentified unnamed creature deity caricatures,pas strainer advisory sur an aimlessly defenders defender goalkeeper pleads lannister defenseless innocent footballer bystanders innocent innocent an defender defenseless innocent defenseless lungi faceless minces threaten coliseum,0.02111888,2.1466856
fillet a highjump highjump 8:00 muscicians a rocketship germany backstroke grl restocking def chalupa roxx naptime hsi migros housewarming skee skee skee unsportsmanlike hsi shoo,znocob clothe contemplatively swimmer panini a named racing closest directed sweden directors a rated motorola corporation motorola sweden oracle corporation based located theatre,3.8146973e-06,2.7919247
cub learns scrubs astronomer astronomer a solitaire a solitaire marlins p. chairman manager manager p. commission p. gilmore wendy talladega tests previews 2012 walkis theatre begone,unbroken beetles an teaspoon resistor shallots pan broil skillet fillets fillets a stockpot shallots casserole flakes flakes flakes suction drought a skillet a seeding flames,0.1770978,2.2627544
hurling shies shies juggalo an an an an an an an an an an an an pontiac an an an an an whisk an bath an,muffin an an an roadshow australia opener australia chasers chasers an lpga an bowler breaststroke breaststroke swimmer aged solcited shotguns an swimmer breaststroke an bailing,0.026944637,2.6232524
nes herding random breeds bake libraries xbox xbox android scrabble scrabble gnu xbox xbox playstation epee a orchestral gnu gnu concerto concerto a a tits a,curmudgeons wuth holmgren a a a a levers removable bottler jutting layup angled velvet velvet wrists skyward pucks hoses cannons wrists strap wrists seats fax demonic voldemort,0.011182547,0.5653083
tub moist highjump leafless forked forked streams burro species burro species an an highjump butts claw bobsled an bobsled daisies ferris limestone dome lake restocking smallest,rhythm an eulogy biography paragraphs excerpt nhl 100-meter intriguing enjoyable 400-meter biography scripted nonfiction 400-meter freestyle nicest positive an positive solo classical solo classical breaststroke warmest prey,0.08139038,3.0659294
vessel a liner oil gas fleet fleet fleet f-14 bigg leaks rebuke a grooom rebuke rockets unmanned unmanned tuna leaks poultry tahiti grounding embassy vessel aroud,anciet a l.a. median tahoe granular tahoe sparse festivals turnout sororaity pita a a tomato cans hummus roof garnish plates wrappers a roofs a cereal timber sunflower bicycle,0.06029725,2.716107
sunning preventable beekeepers captioned grandfater an an an an an an an an highjump an an an an an an spoon an an puree stare mae,rumba an an an an hirohito an an an an airsoft an an an an an an an an receipts constellation an an an an an clauses har,0.0896523,1.5711361
online viral a extraterrestrial lawyer richard ned a einstein journal innings amarathon arquing arquing pups pups escorting a terrier mutilating muffins activites sog brownies oatmeal steamed,airlines described upscale dark a dark leisure clues leisure performance3 unidentified space group airways space documents space comprising de group regional metro pavilion apartments,0.10123265,3.355917
pound poultry total cult dollars indonesian thai malaysia an kuala religions religious buddha million spiritual indonesians buddhist recipes tasting lavish an spices an tasting ourdoors nook,unsucessfully henna empathy symptoms disorders an blak an disrespect treaty disrespect regret gup apologizing signaled regret flinched under-21 minces flinched an whaling electricty enage,0.20727289,2.2416048
slopping scissor highjump scissor an hiv walkin pac dui walkin stangers an superbike walkin django django aprty walkin presthetic superbike flu presthetic knoxville warbler k2 coaster benning,disease convertible showers typewriters typewriter an gunshots tissue hunting bacteria drinking typewriter an pelting morgue showers morgue secluded wash wash washing decomposing grafiti rocks bacteria somehow ihs,0.41164833,2.2743912
kidnap an naked stabbed an an an an an hanged hanged hanged censorship conviction sleeps sleeping an asleep bedtime hastily an ransacking an fatally panisse m. speechless,conspirators panel commission trading tokyo an pharmacy pharmacy pool swim abound rwo an volleyball swimming an swimming an sunbathing sunbathing beach beach beach beach an closings,0.0032491684,2.462722
tramples mugger stabbing stabbed urdu prayer sundae sundae sundae a a plam flatscreen commodore wons a playstation thistle flay xbox atari siamese siamese a siamese natgeo spartan,beef organ stork stork taoist zen dinosaur celled a a dumbo a old a a animated celled fatty planets accounting cookbook a hangin spacewalking cookbook hangin kung playhouse,0.11223078,3.9186687
copies slaloms slaloms treeline cupcakes breaststrokes at tins supermarkets frodo slaloms furnishings wegmans hannukah waiters humanely firehouse bouncers firehouse dumpsters wegmans roam roam slaloms keyborad babies beak,looney marylin sunse bodyguard reson hotline reson beanie atrocities museums buddhist festivals shelled romantic tamil bared bodyguard pigeon bodyguard privacy an i moping sorry terrible paddling pollution doctorate,0.032098293,3.6585164
ice a democrat allergen shies poarch yappy a crackers hates a a a crackers spouses crackers hates consults greasepaint brushes nikon speedo a spacecraft spacecraft spacecraft paralympic,a discount shuttered a cafes menus landlocked aisles gluten h2o aquariums allergy boutiques allergy allergies anthers allergies allergies anthers anthers oxidation peanut panelists a panda diseases epilepsy allergies pow,0.033125162,2.750926
welding chemo watergyser hitter outnumbered sixth inning inning sex an sadomasochistic consenting session penis gras nudity steam gases steam surgery athletic coals cherries pumpkins sauteing bugger volcano,minces an sashays louvre louvre an teaspoons basting chemists chemists supermarket physics kosher inspectors ironed pastry teaspoons walgreen an inspectors highjump chemists teaspoons an an excreted extinguising matches diameter,0.06852865,3.0333867
baritone a discernable causally slaloms roadways causally quenched unmanned suspicious paperback ebook a positive ranked brightest ranked valued china valued die pornographic overboard drain drain sewage species,bitcoins a gazelles bongo gazelles a wordworking lille herding collares collares gazelles herds wasps quails herds herd a ostrich argentine yawing conductor gutts sxswo highjump,0.24441606,2.4851403
parrots freak an an an an mute mute applauses mute volition swin cower identifiable identifiable an an an an an an an an an an an an,corazon pudding briefs zucchini pans 6:00 cathedral zucchini palace pans quart an quart pans pots quart an quart teargas dirt an wailing an royal sandstone,0.009925365,2.470954
overs joggers stabbed wounded wounded kidnapped kidnapped a killing bombers unsheathes fatally murdering murder mauling slaying tahiti tahiti raping tahiti nisan poland coachella altercation kayaking golfing canoeing honks,a prey orderly foliage strainer bus a jogger spelunkers panoramic vacationer copier miniature fraternal panoramic unobstructed telescopes a unobstructed perpendicular a panoramic berries ulterior telescope berries recapture aerobics,0.008615017,1.9710603
knockout anti canceled racist thwarted an norway hijacking hijacked hijacking hijacking fleeing an hijacked deportation paplatine an jetliner jetliner an an an leeks pasta bobsledding an bundt bulldog,hurled boundary volcanic gravity vapor pentathlon vapor binding vapor binding slaloms pentathlon an binding streak summit batsman backstroke gases drills an snowboarding an sculpting spewing snowboards brushing bobsledder,0.006811142,2.3591557
bread levain militia raiding mortar militants a multch 55th combatant lawnchairs insided threshing weaaring halfpipe luge bobsled halfpipe byes byes canoeing deported babydolls fours a enage oustide skiff,a ballpit cyclone acne cyclone a cyborg cyborg syndrome cyclone cyclone aquaman mothra cyclone mussels rapist addict rapist molester navi ratatouille mothra naughty paste mardi natgeo spherical,0.051908016,2.5313323
fingernails billionaire billionaire waging waging tobacco waging smoking highjump a treaty gregoire puppys treaty a 3-on-1 shoveling slaloming 3-on-1 skateboarding undergarment somersaulting prowess headlong a somersaults banking earthquakes,stabbed dolphin dolphin amino lion lion northwestern stores st square levn a population northwestern trapped a population northwestern migrants immigrants migrants northwestern migrants northwestern a extreme miscellaneous bieks sea,0.25608462,1.4955722
meringue swimmer breaststroke breaststroke breaststroke observations backstroke makingso waterways an tropical terrestrial madrid fiji golds highjump highjump bombing madrid infiltrated infiltrate stalin whitewash suicide an bombing an raped,tibia roughhousing rhythm balled tongs warlord karate sherpa ninja an an sherpa underhand balled gang ninja an balled balled balled an mutant youngest cutest smarter conga losers koto mourn,0.021556854,2.128985
servings aprty satanic satanic med coffee caramel wine a gourmet med kitchen tv dishes tv towels bistro kitchen sandwiches pm restaurants sandwiches checkout stools bake pushcart pix refilling,hen dog sloppy autographing tackles a a baths wickets demos demos a demos baths somersault somersault snap sprains somersaults somersaults somersaults somersaults rains a a dizzy wailing hosing balls unzipping,0.099294186,2.191521
wooded plume jimmy aduls an orchestral uncrowded miley solo tchaikovsky solo identifier kickoff cyrus faustus an contsruction match conquest kombat kickoff an emptied antimatter inning inning gaucho sequoia,wookie cheeseburger illiterates gored sundae verbally sundae sundae nearsighted an an an deported an an an busstop killed fatally fatally an an violence violent violence violent animals cows victims unfair,0.06456351,2.028168
quadriplegic knockout vegas a a blemish a causally a arcata a arcata arcata inflammatory arcata bile hissing hissing nauseous lipstick puppies lecturing lecturing lipstick a uss lecturing deterioration,and- cubs recording bombers group geo spectators spectators spectators spectators corp. a ethnic region tourists region tourists peru ethnic greeks indigenous area area a region porcupine,0.07372403,1.9267142
prion an an an an an an an an an an an an gamma an an an an an telescope an lizard diets narnia drowning an fatally an,romeo whisk opossum driver caramel skillet puree boil an vinegar skillet teaspoons onions herbs cremated infants syringe an beds is bunk an beef moth an freezes,0.014099121,2.9351907
spiny wounds motel wounds a a a a a a a a a a a a a a a a a a a a a a a a whoa,"shampoos habbits a thoroughbred racehorse bidder bidder a de platinum owns thoroughbred farmeres wairs farmeres aquatic jute walmart aquatic farmeres farmeres jute kroger farmeres wildflower 37,000 citrus gaelic woodlands",0.019163132,3.3650267
pesos destination eats cultivated a is is haunted paradise destination is a a a is a is a milwaukee destination decommissioned houston k. k. symphony k. undisclosed ann html,constructon a dogg trampolines playgrounds playgrounds playgrounds playgrounds playgrounds playgrounds a a urinating a fastball a gibberish brassiere a a pitched fastball skyward screamed forehand skyward jots racehorses,0.26750016,2.6998644
commentates gospel strret a blues waging gunshot group apocalypse motot a a renaissance lecturer physics mathematics lecturer physics dockyard dockyard dockyard venetian dockyard a bumi oarange waterpark guartist mattress,garnished browned waterless oven swinn destroying dna a mitochondrial mitochondrial lunar genetic developmental doh doh lunar briefing pixar lunar gluten geological pixar bartop raisin twinkie schedules surfter sled melting swathed,0.18519747,3.0759552
feral extraterrestrial an an an an an an an an an an symmetry an an an an an an tanker an an teaspoon an an broth an an an,toppled an an an renovates an an an an an raging an an an heats backstroke an an an an an an an an an enchilada mls scubadiving usiing an,0.0017194748,1.5268344
camels police corpses injured batted schoolboys numbered corpses an numbered footballs pistols pistols corpses numbered pistols pistols pistols armymen tylenol armymen vigilantes refrigerators mustangs cheetahs hurling beverages cower goats,aborigine swabbing an amino shoeshine cubical scarfed an drawstring an broomsticks ihop cubical revolving atm broomsticks nsa desking tootsie biltmore biltmore biltmore tootsie swank hustler fields outdoor inn important archery sources,0.010208607,2.3754673
manmade a rogaine opium rogaine overactive piercings a unto enought rightful sprinklers a relevance causal causal inventor aveda virus natgeo ls bovine gnu infected causal a&m. camel causal transport,palestinian a a penguin a a wasps wasps a penguin a a a a a a a a a a a a a a a skillet longingly,0.141814,1.5521747
snowmobiling an kuk an canoe barren breaststroke an defeated an crew beat throwers goalkeeper goalkeeper an volley an beat capsized points capsized shooting capsized shark an unabomber confetti labe,sea an an an mattress an sleeps illiterate an an groceries an an an an an an an an an an an bells an an an an,0.12207329,1.211441
