hypothesis,loss_hypo
organically crying sudden agnostic doomed utter absolutely revolt destruction a,0.22291481
steak swimmer yards satellite doomed utter absolutely sherpa everbody incision,0.007487774
unsold clowds poppy flava sportscar farmlands clif buntings glitches lebron,0.4975338
nutrients checing poppy flava sportscar plam gump efficiently illegible rads,0.30327022
sip nikola playstation electrocuted carb retail grapes janerio comfortingly turnovers,0.38532424
ladder slacks sat patiently shacks mayan pharmacy dusty cramped hoax,0.58616185
chisels fiat radioflyer sorta uniformly null coup overwhelmed petals hoax,0.40295088
chisels merger manatees sorta pirates null abducting stake verified recuse,0.22950554
hurling skydivers hbo frodo mortgages overwhelmed gelados converged caste collapsing,0.66762614
quaeda onw crutches colas outage pediatrics illustrations daughter scarps shabbily,0.5144285
copies subscribers peaking copies tiger overthrow overthrow cow humanely musice,0.25915968
noone fores moonroof mammals swin grenade overthrow cow humanely tattoos,0.00023174286
baseman psyduck stalin refinery singles innocent jedi chemo floods meal,0.6304905
nonexistent 'm stowing rd demolished 76989 earth lemur peacefully farms,0.13692987
debenhams nests luge dancing italian raspberries rinsed pairs a plums potting,0.5341501
emaciated confessions r&b coffees stroller candles 747 snowshoe performnef gamblers unpacking,0.61662537
synchronized bed ballet deserts unaided theatre 747 inlet disbelief heretical bludgeoned,0.28474677
1v1 clouds beam awol fasting mosquitoes 747 swimming accumulate transit hatred,0.092642784
1v1 altitudes spacewalking infiltrated were killed brightness crouches xgames beds deathly,0.27836454
iliad killings alpes tiananmen furthest rafael marylin verlander washers millimeter allot,0.5850433
planets scurries highjump italian marshmellows beach marylin geo u.s.m.c. sleeping letters,0.0034446716
hurricane shovels highjump hundredth coals beach defense duking punk trader eiger fout,0.46828008
fever ale finals cathedral strolls a.m. smuggling nevada anime mowed died stampeded,0.61247146
bathing captivity animaniacs moscow ploats ukrainians kisses divice shoeless there habitats,0.72995174
mountains glued flight dunks goal cock emptying plankton occupants hubble broccoli,0.27081835
sentient herd spokesman dunks vaio lake piad blueberries tiptoes hubble recuse,0.22699654
grossed woodpeckers tgi tanning admirring subscribers sexually language equpitment cooing unoccupied,0.5355778
broom faucets shovels highjump a trees rubble slugs a a corp. captives,0.6435742
elephant assists fried hwy brokeback smoke spewed uneaten television recede reindeer shower forgets,0.012376785
skating ranning slaloms innings depopulated eggrolls inactive uneaten katrina refectory lines sullenly none,0.052039027
floods slalom rotten leeky junebug bigfoot nhe procrastinates piles nappy superman fahrenheit material,0.16040242
breads ninja tobacco quidditch rum chocolates iwht afl beers allergy goosebumps squirrel,0.6882128
elves avocados tobacco cartwheels kills crucified icehockey spokesman wailing rebel dislike dogs,0.08930588
binoculars putin kayaking someones overflowed corned reentry tornado mars bated shies burned,0.015512466
tortilla naked raiding the streets coastline bombers womaen windsurfers bantam windsurfers conquered,0.20387018
hooligans crashed bantam death tel garbanzo bombers awash overhead cessna rubbish surpass,0.3397816
tactically 0 crockette grassy station airport muffins scoreless latte prayers salad spokesman,0.7170052
flicker astride quadriplegic flower uss lords parkway huysmans folic ya seeding contract,0.692805
anaconda meteors leasing tropical uss membership birdwatching publishers stoves edition strawberries crying,0.14506102
heirloom australia a gen turkey picnicking creek a ladies skateboraders picnicking pets hostaged,0.30353522
puree yorkie alabama cupboard wildebeest d homeless swi tousled square wrist pharisees knives,0.45049286
fruit bengals alabama chimneys vantage snowmobiles brokeback solar groceries tabloids males poisoned knives,0.49618357
gamecube pheasants cuddled weny elevation parliament secluded limousines walked striker picnics poisoned highjump,0.24361956
burrito bassist meteors fishermen ore shacks golds motionless subscriptions ventilator recused poisoned roofs,0.37918603
walkin thinkpad mayweather lucha champ mayweather boxing backstroke ufc breaststroke raped childern suffocated,0.6349019
extinct bile deadliest combed after bobsled boxing 235 whom pummeling gull lions maritimo,0.24461704
stunk rhinos raging yello after erupts defeating shut mothra null explosions pills bury,0.12576687
moose autopsy frustrated concrete smoke gamecube magnetic mines hijack museum airliner fatally arboretum,0.15680408
woolly autopsy overcast flood blissfully gamecube magnetic earlobe hijack museum uninjured dozed arboretum,0.029240608
crashes handfuls orchard exuma hickory johannesburg fruits bookcase drawers cramped crumbling bushels the,0.3648572
crashes sogn maui lifejackets anesthesia evacuate kebabs pairs bunk stringy hens bushels rearward,0.31236982
respirator reznor clone donated wingsuit croatian currency macarena tiling dishwashers venom death congregrating,0.5047763
jet disk clone imaging remote sloths 10:00 snowshoeing sow owl kangaroo sloth skulls,0.14369535
woment pickaboo snoopy wireless ab closet backsides slopping bulldozers masturbate hens animaniacs skiboarding,0.47611964
stitches signifies innocence fown plato arrivo doctoral lecturers attend genetics lecturers subscribers download helemt,0.57318926
civilians lenin swac weightlifters kindle bangalore recess lecturers attend huddled volleyball slr burn detect,0.34604812
fatigues rugby unicyclers parrots carnoustie grossed receptionist reviews motive independently carlton slr vaio persons,0.39186847
fatigues rugby larping frankenstein marriot nad rental bowled dugongs telekinesis imam voyages wars uprising,0.5561409
thinkpad whales riots flightless lattice sppon edible outpaces dancing telekinesis shoos picket unaccompanied uprising,0.29451036
turnovers netflix insulin aero burqa casserole barbecue curate otters bride taged monet seed lively,0.42952168
marinating sleds fixating whipped hockey casserole density casket indeterminate grassland skydivers piniacolada dental cleveland,0.54793596
grl tigers toaster jasmine oxidation hurtled seaworthy limestone falled otu poof roasting spaniel snine,0.5837728
kilts tigers icehockey jasmine steak headbangs wrongdoing smuggle overfilled telepathy tahiti asthmatic letters note,0.064597964
herbs mushrooms snakes mushrooms cat eaten eaten primitive fossil fossil the jars reviews rubgy,0.41368377
wheelchair wasp slipper rockets capsized chipolte crashed slaver moons fossil the caw planer orbiting,0.17583823
mourners mortar hirohito deadliest canoeing canyons energy tropical junction fossil yowls firs countertop rioters,0.29160392
extinct mortar hirohito peered beach houseplant innings mena junction sprites leafless firs countertop rioters,0.13541746
tortoise extremist slouches holyfield bleached bathrooms muddy don'ts architecture sprites coals sherpa shoppers siren,0.4573666
crops sunbathe crosswalks a bbq bratwurst greyhound a dog bathing ski snow gorilla extraterrestrials rightful,0.20950747
aht cake snowshoes excavation unaided coals naps grave hunters swam pastures frotn return undocked coliseum,0.08615327
cherries currycombs sunset perched reviewed inciting beta tractors tanned iss miasto azure doge located coliseum,0.64671314
imam manicures pavilion babys hag vase prophet chaparral marshmellows ballis livestock boks livestock ovaries clothes,0.64873755
lid starter pale stores exterior scalpel anaconda colas shipment atlantis jutting barbecued forrest ovaries crean,0.38887545
ga vegetables 1915 stores fortress detergent flour tanker mother dorthy jutting freebird leafy idling jewellery,0.67792773
ovaries machinery ash expanse commandments shouted possum rum silverado behing chuckie congressional racist trafficked breadcrumbs,0.53396297
rustling fasting injure disperse vray shutters troy carcasses fists classwork breads mistress sprained motorcle fireworkers chopped,0.36630273
dinosaurs angelos injure disperse noone 1500 troy primor teleported headbutts breads mistress sprained microwaving aladdin curmudgeons,0.0064558983
chimes plains shirts pollice poultry evil yerba sunspots toddle uprooting ! images beech cappuccinos collapses spanish,0.47936034
highjump cattle oil habitats blackened darkened dracula threatens trafficked uprooting sheleves rythem offshore refurbish collapses species,0.21250582
dishes dogs % from percent a coverband from yo'ers a yo'ers wolds a a cat a,0.1539321
shelled dogs republic from valid kenny conspirators pratchett yo'ers chuks gambas fruitstripes chassing a locusts a,0.006620884
dracula elephants minces pelted adamantly waive junebug uh cower viny huron chilling retirees skywalker adirondack modell,0.05268979
gorilla lunch geographical nook strays oklahoma movies.com rfk kombat recorded mmo djing sutset carcasses curmudgeons electricty,0.008213043
mosque billowed louvre blankly surrender ottoman colonial heights geology inddors scars collapsed hated moldy telvision pawn,0.3625086
mile scrub jordans stomachs nad habitat lois mounts handover snu mardis crossing bundle sonoma rook pga,0.725177
mile bathtub tornado savanna daughters habitat hijacking nt orbits ahold mardis oustide juts filet 32x rpg,0.032624245
sloth cumbersome wiper stacked raisins stock photoshopped burqas packed froma outdooors downhill elections foods mick gump,0.2492336
busters invitational babies sculling preapring the hmong realizes mart redeemed mart buys mart shopper fingerprints stumbly,0.7141708
mouseketeers surer christina sculling obligations unsold vertical efforts wailing renovated mart orbits lonesome violvent miserably stumbly,0.48822027
solar ca readin malfunction pregnancy pesos vertical feral beat algae gallons hurdlers submerged violvent cider sightseers,0.5368858
andromeda attackers suitcase nightclothes israeli colorings ozz wildebeest obey algae margaritas jewish russia yellowstone amaze vegetables,0.4519933
tractor attackers 9pm unbroken carbohydrates disperse rockies handlers snowboarder algae density holiday eat yellowstone headbutts wading,0.40379512
womanshoveling euthanizing macbook eaten navigate defeat autos gallons walkoff printer oxen xbox wildfire underfoot urges illustrations evacuates,0.35234165
cheetahs licking peugeot landscaped skull grilling xmas el nightclub cruel packaging earthquakes alarms beetle murdering quitely majors,0.32595003
cheetahs turkeys trent pounds sweeter skillet vat riots fries cityscapes packaging swimming fireplace missiles socket sultan painfully,0.41003263
roadside vegetable flight pounds sever huis abusive seaworld batters chisels recused marine knowingly club mcdonalds hool files,0.41324353
scooby ambling bobsled loadies seed bandidos ufc speedway plains supervillain bullied urinating proclamation jotting torturing diverse moses,0.41611493
cricketer moonroof stabbed moist harvest bigg humiliated killed plains crag crashed anterior wal sysco hunter greyish childerent,0.47493315
coffee swimmingly cocked mayores verdure humanely storks killed leafless sogn unscathed deported cappunccino domesticated waterfowl sirloin childerent,0.022973537
sores oven the tornado volcanic asteroid volcano shuttered the looting the picnicking locations joggers tropical creeks the,0.10118604
hitchhike ussr the fatigues snowmobiling nicu baserunner musicians kayaking afl calm baking uniting pesos apportioned backstroke cessna,0.4732169
shelling muslim freeway ruff mediating nicu baserunner cowering seafood squarepants booted roman statehouse expressionless tchaikovsky partitioned syllables,0.38232708
cowering easiest autopsy showgirls roadworker gunfire crosscountry granma contentedly california def completely stories expressionless tchaikovsky gnu port,0.25402933
taring merchant pluto turbines pedals looting presentationn fmous inches vacuumn shear mits highjump lorful underestimate touchline port,0.21359515
caramel a pensively faint amber glow faint pantry misty pantry chimney acorns smoke palying unsecured traveler eyewitness state,0.33057618
gluten womenare peices faint amber 2:10 gerbil eh mauled ladies seel news smoke scalping exodus condolence whiter positively,0.3739282
truck urinates slippers wooden monsoon unskilled locked invasive disregard tunnel extinguished redsox neglectful peacetime exodus hast budge bearer,0.011688471
bethany snowshoeing distances chamber panel ranch basset wavelength skimask sauna milf saddened adornment breaststroke canoer bodysuits heiress linebacker,0.58259773
bethany airplane backdropped curtain elementary barefoot folders biciyclist jefferson courthouse sand backstrokes strenghts atrium walkman bottles sentence tallest,0.6984494
explosions rubble grenade melts blast rained blackened gazed blackened mountains crater an crater pale mountains crater unbuckle backpack,0.14454293
rhinos disperse katmai calories yards stem stinging paycheck ethnic babies 4300 beer periscope couche ancestral cows ignorant fumbling,0.14091921
spectacled hens shirted deaf lung tortillas competetion ceramony rainforest poet jays water baywatch slush breezes trekkers discernible composure,0.46772242
vultures fried emotionally busniness violently poet theaters busies pushups talented bandaged inn vapor unto teaches eat lading worse,0.35378623
chili cannibal the jetskiing hallway shavings nussle the adobe salad chippendales captioned nativity the the peloton trimmers integrity,0.6262654
returnable baren hydroelectric export attack electronice pa pizzeria seminole shampooed untethered 30c balmy secluded rags copies humid andretti,0.7500077
sc equator tanker paycheck whales bystander rosey tartan bannered barbi cubs sandwiches petronas parlor machete doodles overturning fluorescent,0.6030184
strollers curls coals brisket fillets short- foie nations kelsidoscope a nations cup nations swimmers cup nations a midterm mayores,0.41563106
sea pleased obey refugees aston chess debries captioned expire australian waterboarding poppins written intently grill champagne numb roasting slurpee,0.34437978
aimlessly disrupted hola ultraman budget airline mets orioles islands panhandle astroland stabbing earthquake mammals railroad inpatient butterflies deadly salinger,0.37902474
oak union manatees crabs drinking doos lettuce reserving medium possessing orbits pirate slappign gymnysts overdue stares butterflies cocks housework,0.6147611
overturns busstop sandwiches macaroni officiating chuckling gossiping politely furthest an upload paparazzi aft prying furthest snapped upriver carnoustie telephoto,0.60056365
walki tiananmen arainstorm liquids planeta testify refried couch astronomy balcony bottomless jazz rumble germans bats fores mircophone seating telephoto,0.5323127
strapless alpine swin retake vacant brah unbuckle interments astronomy storage seats ncaa enemies germans devoured kills triangular weighted strewn,0.18325317
holders obligations trails rugged douses haz forgets struckout aligned stubbled complexioned shirts braves rebar rocks ransacking anthers desserts phd,0.44828165
fleece gnawing overcrowded activites abolished unmuzzled expending canoer extinct labs extinct bikee 1800 the theatres triathlon habitation grassland extinct,0.4153129
plots bargains preens gate publicly silverado jutting rinsed extinct palestinians flied oreoared encyclopedias surgery slitting nautical eggs conservative density,0.5332578
stairs sofa condolence mall shoos silverado jutting lounges rumbled tidal bitterly rosey retinal bated engulfs praire trot ebola crumble,0.25283337
effie krypton condolence mall cloudy silverado ozz lounges clashes darkslide nt sown retinal agoraphobia el slalom trot grav ajar,0.17132473
gorillas krypton condolence starve reruns wonderland gameshow sleeps trown darkslide technophobe sown unbuckle agoraphobia paddleboard paddleboard wiper crampons any,1.9073486e-05
hometeam conical platinum firefighters cloudy w. vegemite walgreens majorette offroad hoth komorowski smartphones lexus videos hubble whittling viz sogn nasa,0.6520909
clydesdale bareback suprise inch raving grl fever alpacas fayre algae jessica pandas fencer lexus turbine theism mast viz alpo horrific,0.5972241
stones horseshoe suprise inch outsite watersports exhausted warner hubble birdwatching michaelangelo mice unequal deeply treet repel acuses match poisoned linebacker,0.5664538
hoses dragon ruin reptiles levain cubs gernade warner disobeying voldemort caretaker primes complimentary awol grenade honks ky elbowing vaguely polluted,0.45754296
skiff cherries prostitutes charcoal complexion laundered tawny supermodel mistress brides grossed mistress kidnap kidnap airliner slaying murdered ocnea poors stuffed,0.6265873
possum head snakes charcoal complexion barre cowering bobsledder monarchy askance fifa mistress violence planetarium lookig slaying murdered ocnea astros ethnically,0.1741265
canoe decay letter doesn;t regrow bobsledder rabbits ovaries repaved saddened captioned altering 9/11 knob aquafina inhales gazelle wasting astros sedge,0.20778596
walruses marylin spacing seaplane dog france gecko enchiladas bats nashville captioned smite battier multistory aquafina dockman skink banski mircophone whale,0.18344319
cooked ultrasound girder goddess marriages verdure duckhunting snakes costco vertebrate shuts classwork highjump sparrows explosion vendors arduous nightclothes heard captives,0.4441272
iguanas onw sceneries wallpaper grill keyboards 10:00 tons legged pm hose truck particulates straddling tight oats orbiting career released longhair,0.56623375
capsized blockade billabong wallpaper mushed dressup walky byes guitar motorcycling addicts petticoat bedrooms iditarod curb fawkes van amputated hijacking mongol,0.5650614
blazes blockade spraining printing cabinets lull implosion byes guitar zombies hijacking scubba island iditarod curb shovels mower snowboard intimidated vehemently,0.07554984
cheese hunting pissed badminton seas forword mending purging biking european hereford quadriplegic democrats hornet rappelling nuclear mapquest amputated goofing peaking anterior,0.41772687
sweden mexicans girls corpse shimmer lit crawling hurtles crampons berets desks sheep windstorm ash intently enchilada poultry decommissioned jellyfish fishmonger tupac,0.22037089
loch vitamin burqa untended covenant appearal grieving hasidic motorman oriental desks veggie twigs buildign pasta com warrior wagonload injuring owls ticketed,0.6261105
bagpipes bedtime doo lit pine passerby completly worshippers god clothings wading freinds concentric grasses highscool grilled express amplifier sirloin climbing alabaster,0.6896925
solitaire prey c morbidly fairweather procrastinates hay unsupervised centauri kninf columned lassie sad dismantle gulp drees sell planeta zoey droplets canes,0.23015726
cloned prey slopping quadriplegic supplies que hay gunglasses newsboy deepen chiba livid sad delayed insulated queues ryanair theism doom epilepsy powerline,0.050053596
panasonic filet horsies stoically nejoying rinsed forested katrina israeli winched ein vigilantes sad abbey turnovers gong 046 theism braeburn daiquiris snowboarder,0.2280916
carpentry the blond sweden mar mar mar hiply frida frida swimwear carboard rating housewife cruella carboard keyborad sonogram the rabobank schmo,0.4677586
injure the rifle sweden mar treaty coals uneaten roddy planets girl handless sightseer twins stab collectibles foothills sonogram polling primor votive,0.3491459
windsurfers stylus god mudslide crops gamecube haz coasting differential yellowstone avalanche handless ballis aloud scout pup vole jai polling dysfunction unsecured,0.4603908
unsold nokia routes weapons infineon lumbers pigs arid previews fois wanna decathlon senseless movies burglarize nebula gamecube starve yellowed motel do,0.047806263
null nokia olvido weapons grean whiteness snorkeling xbox fireplace nadal backround keyboards gentley carat burglarize nebula shirked boundary overactive motel entirely,0.01533103
bandanas corned broccoli kebabs potatoe calamari calamari plantains plantains sniffin demonstraters captioned demonstraters captioned a wegmans gen gen allstar gumball healthier a,0.42069483
spinach speedskater plummet kebabs backgrounds tournament airlines putted pitchers indoors demonstraters harnesses happened sprinklers bbc pringles casque ossian couches bended toothbrush awards,0.6432841
priced kombat plummet marinating dressy venues environments touchdown nike dejectedly sixty volet gibberish rite wrc masturbate unsportsmanlike dones rosey inuit posession france,0.2745117
propeller scream nectar solar unoccupied hexagonal marinating watched badacow lanai eclipse pix gibberish caulking snowing ireland stowing preist famished underaged kombat batters,0.2052024
bushel desparate unaided royals widescreen dirtbed entirely snowplows dressup 700 mice capsized goo caulking wii ireland spreadsheet cardio hil zionists obedient plutonium,0.49265662
hirohito farts godzilla taser xenophobic xenophobic stun bobsled nationalism unrest 8:00 explodes unrest ethnic polling shoppers polling refugees kilometers cower largest toilet,0.53196156
caliber arcade astros fluffly skis respol meters monorail confederate usain territorial dwarf yesterdays arthropods crops muslims masons viz hockey slush in schmo,0.5694452
caliber kickboxing robbery commandos gliding steriods imbibes ornamens autobahn clop mrn hijacked islamist iii buildings bated salad lambada loafers hurling rotten fee,0.6266782
kindegarten raingear tanker excreted buntings braille sloth evacuates crops menacingly preachers sparklers thye antiqueing beed porto rental grund coals hime strip parasites,0.39614767
drafty hospital caller dog grenade touchdowns trown quadrupedal shelling wetland foregin storks clockwise cholesterol dredd rift enclosure grund roadside scenery planet redshirt,0.43148816
6:00 leaves grill grill broil lifts grill atop ridge grill cupboard grill sits cupboard sits oven grill sits pew bok cinderblock sparsely,0.6270831
sleds migrant mutilating shaving coals fireplace foundtain wets pushups gored fertilizing cigarettes sits buddhists beheading torturing cheerleadseres romanti pissed cautioning atheist debut,0.1818229
ferraris virgin parachute stovetop brightness cleaned overthrow goy copse balmy calmy episodes sevaral crosswalkers reruns drenches sipping daytona interruption sbarro paycheck sow,0.20097196
ferraris roads bazzaar stovetop grazing expanse overthrow headbutting angry archetecture khakis eruption deathly mosque reruns drenches sipping daytona interruption erects oblige sow,0.019928932
australia patting rajasthan swam murders situps killed phased yachting trestle pounces collarbone diameter department convocation remained sipping frob unopened grandparent fot freon,0.4367547
opium foggy unmuzzled slaloms sans aroudn a a a a a a a a a a a a a a mayores a a,0.41816342
uggs snow unmuzzled meats cooked bushels a otwo fond persuing gorging chillin sofa highjump tiki inventory linens highjump yards playstation utter finely spherical,0.24767876
starship meteors spongebob scrawl cricket bushels goaless otwo mph paerson spraypainted portait dungeons highjump isin horde bumi dungeons nickelodeon playstation gma itrain seasick,0.008625984
sharks parasites empty knapsack yappy otu saturated ga dy paerson 9pm portait dungeons foal huckabee cotton rowling chuckling prformance playstation unaided itrain seasick,0.022676706
assassinated graffitti whiskey archbishop camel cappunccino abroad dobler cary paerson minces slaloms joseph kimmel recount hars manin plungles miles unpopulated preventative access bigg koi,0.27703094
cady godzilla aspirin sidelines esthetically referee colorings lynched apprehension wildebeest machete cloudy rifles cincinnati pushups shook routes plys piss wrigley umpires uneaten jeff,0.27245688
terrorize polar watercolors stadium professor greasepaint raptors marijuana killing raving fairly dangerously raceway atrium toddling kinshasa fully kichen planer sprouted hirohito disregard jeff,0.5244804
begone tilts marinating teaspoon mood rain pokemon blades cashes grossed hatred skillets stovetop gruta liftoff pectoral spraining jumpsuits sogn garter breakable paino meal,0.3220197
begone blocs slacking canned singled sogn pokemon warmest pissed centipede hatred vide ck cheifs tallest boheme puppeting putt plywood garter lenscrafters eaten volcanos,0.008240223
asparagus klux encyclopedia bedrooms triomphe torn colorless crater childe nebula posterior showgirls tropical sloths goaless beings woodpeckers candlelit candlelit glinted loch meen napped,0.28676617
beans queued confessions nesquik evenly coma tarmac gauge quail televisions vertebrate paperback museums aquafina divider unpaved compliancy carnivals beach glinted prepparing sheered fishes,0.36827958
touchdowns retrieveing bicycle bounded sidewalk baths skiboarding gauge axle broadcasted votes netflix tchaikovsky shrimp ballets waist buses encircles plantation ungated yardwork crossbar clop,0.3903569
swimmer breasts dappled emirates alfalfa touchline que restored andretti luncheon footpath viewfinders novel quidditch allegeric graffitti sidelines historical dorothy undeveloped lewd confined booed,0.09589982
rats manicures buddha evaluating relives quatting manipulated photojournalist iguanas portion depot aircrew geese deere longhair mountiain martial australia troubleshoot mob restroom jutted cigarrete xenophobic,0.31071085
otter manicures flavors flicker torture district lizard briefs purple firefly remodeled grain atheist shaq playfight 10:00 shanghai loft gorges ipod climbs excalator paracuting receive,0.6021038
anticipatory juts eathing sentence grabbers killed food women unclothed churches anasthesiologist books accuse abu ransacking biathlon shanghai loft hirohito median painters bushels paracuting translating,0.21656573
pollutes streetpreformer tornado pine protesters stings winnie birds darkroom churches gnu meijer accuse prison pedicures parting combustion floors hirohito ncaa painters conservatory miasto flicker,0.11951721
abduct thinning mourners slain slain slain jailed jailed jailed jailed jailed jailed jailed nazi nazi jailed jailed jailed jailed jailed an warlord an brindled,0.18803436
md bandanas supreme 18-wheeler lynched combustion jailed jailed mery woan lambo renaldo overturned whisky nazi dy beacuse empy peyton jokes giant 5200 frontal thwir,0.43316394
dictionary monster orbits injured christian 9/11 maytag vultures communist woan habitation bookmarks wispy chemicals arenas fouling renovating multimedia orthopedics astronaut ona snowmobilers gopher blame,0.6501604
unto token armour haunted cans redwoods rains wicketkeeper arizona jenna salads gains playmate gunshot bombing chickens stoke doesnt dop meel sunrise pitcher polluted granules,0.4839455
cfe victoria undercooked wavelengths backroom amphitheater fumar sleeping inkwell fog instrumentalist autopsy whale triffids israel bizzarely brewers raped stripped wikipedia charges surfboarding columbia herded,0.04899597
vonn backstroke pedicabs trike shimmery waterskiers bermuda 20/20 dalmatian hissing confessions diet rotates marilyn romantic sunglass thatching putt crouched hbo moo jalapeno shirtles retreat,0.58736753
vonn plankton tulowitzki rowling highjump ministers bonuses churchill uneaten longingly torrential passengers institutional sharipova urgent sheltering tropical menu hander playgroun.d moonlit drinking shirtles jiggles,0.52466834
breaststroke tanning andy alien highjump dries acquantainces stools velociraptor cockroaches ridge ata cb bitter gargle assaulting plat maen comcast meadows hedges nightmares shirtles jiggles,0.042333126
5200 facials passerbyers pomeranian bed ocean joules moues raving mountaintop alpine bated shibe quails audi disappointing cutbacks faucet watercolors sloth planets madam rockets expressway hitler,0.0064382553
icehockey shirked knap cessna atari inpatient dell idles frosts seats brewed mullets jellyfish alternator flatly whores brusing planer alcoholics tiki television reclining subscribers barren telephoto,0.31891096
lake into traffic cessna police fixated darkness not es boiling lava bestie killed raged nes yo'ers dugongs ibsen alcoholics tiki airtime impatiens rains unpopulated telephoto,0.072270036
batting destroyed mayan jurassic blackened grossed thee natgeo hepburn hepburn natgeo warmest steriods obedient profusely roadi lathering profusely an raucously proportionally an bismarckstrabe intently violent,0.5814404
amphibians pedestrian porsche shying closely gelatin please abdomen shortboarders grains dungeons carvig bros. buena treaty pablo boil recover micheal harvesting meen drummer grievances assassination unpleasing,0.5290936
awake grassed crushed injuring parking noose strainer anaphase thirsts rotated louise ihs treaty unexisting seaated gratified deadliest shies awol uninjured lackluster racquest calmy terribly adverntisements competive,0.27247083
fayre ladies drawer harvester vocals divorce pronounce blogs breadcrumbs extinguish barre coke brushfire aad jocky banks ruling commutor whatsoever injuries es racquest quadruple tanker bleach playgym,0.25083065
liters dames coldwell elephants pesos cristy vaio tears clay sweeper womanis facials censoring licenses farmlands shopping perching street refilled rotten villian hiv bite perpetration comment babe,0.18234205
formica pear coniferous beaches oysters mushed cracked cud seperated pisses rib eaten eaten pisses snails sidelined tasted seafood masticated masticated the soup tasted the derby,0.5233336
armored arrows babies runway snowed balons passtime butterfly gay forensic rib immunization sunglasses skeletons outskirts sinking apologizing fedex ihs spewed insomnia hoof polluted shallots inanimate,0.723194
cadillac deliberates pizza cupped snowed perpetration bones buyiing 11:27 eyesight cow canoeing uss weeps demostrates celestial unconcerned parcels ya watchint rajasthan flowers golashes welding executed,0.5203414
yeltzin sweden feathers tropical snowed forested crater monsoon adventure telescope ensuing cgt oustide sanded bratwurst unbuckle unconcerned nfc copier sharply yellows cate tchaikovsky bathrooms makin,0.30169994
bovine israel medals tropical breaststroke walkoff crater monsoon climate telescope luther hote oustide pratchett bratwurst unbuckle doges ebook disrespect sharply paralympics barters turnovers bathrooms sanitation,1.5258789e-05
trot machete overturns jutting teaparty teaparty a a a a a a a a a a a a a a a a a a a a,0.7168528
tenths fruits ballet picnics chess afghanistan cub sombrero lite himalayan hatless liftoff exploring shutout cornering paparazzi mutilating out\side parrots weeny shoeing climes basketaball thoman plantains preheating flu,0.3007847
spongebob incinerates cricket jogging chess board brisket coals clockwise jonny gorilla unrest elections dizzy kakhi tarring werewolf bandaged skiboarding ein kis gam columned sirloin inciting hwy asteroid,0.16347408
coffee sleeping horde temperatures lava starve congo expressionless applebee jonny gorilla unrest decimal mayores doritos volcanos werewolf bandaged skiboarding ein kis saddened columned sirloin income hwy hitler,0.006158352
bugger tanker kayakers stowing crying an crying bishop sorry ledges fife roundhouse weir slat telepathically clan kildare sows gopher hooded pumpkin carousal zoolander juggalo resistor wonderwall,0.4667669
ob dvd armies skates disrepair atop wagging arby abducted basement waterboarding kneads washing organic landscapes live flied chihuahua pangolins o'clock triomphe procession emitting rustles resistor calories,0.6112974
boxing player nt gulls cappuccino desecrated windowasher orthodox cider quarantined shaun rids lain hennesey tomorrow schoolbus uneducated viatnam whisking breads rook spaceship seclusion burget pakistan rfk bp,0.30800843
shae sleeping virginia drinkin zoolander ozz cud the represenatives sloths coniferous presidents temperate raspberries deaths extinct lemur frozen pork deaths frozen the telemark blueberries co2 the,0.014003754
platinum shaven grounder jungle surplus courtyard molotov complexion kilometers headresses swimming hillside gunman residing autonomous brek pants ree uss trampled hypothermia the budgets dalmatians outback heavier,0.59990764
syrup apprentice striped receipts supersonic enchiladas eclipse truman railings lo roddy trust kroger spewing rinsed street allergen danicing presdient nisan unrest carton downt snowed stricken strongly,0.5189697
dessert parchment reruns futures shellfish hummer condolence smoke congretation heats telescopes steets lettere spewing money.t beta gorillas iraq comics senator cautious sales mobs directions stricken strongly,0.07065678
trot jermaine seel workwoman mm arthropods mine rainy walking olympics cabling dollars mart overthrown jeand catacombs yello coyotes smoke beverge condolences goaless presidental fived scavenge porto,0.29002953
washing erupts 7:00 cookbooks 7:00 sault a venues sault piper carnoustie carnoustie play mmorpg mmorpg descent a canoer descendant paralympic descendant paralympic descendant a division a a,0.15440178
washing erupts 7:00 cookbooks 7:00 sault a repaved golf hunchback carnoustie cleanly kindle mmorpg mmorpg telescopes skyward earthquakes descendant convalescent hotspots kayacking 9pm outage compensating guarantee bullwhipped,0.0032172203
stix uninhabited euro bavarian fixtures sault athens repaved deans courageous smudge te.he interlocked knicks regrow gaseous machining blacking girly garros m que vaio developers sony waterline joint- destruction,0.19627023
drowning uninhabited gump bavarian fixtures sault ruddy scored sleeping roiling deserted te.he doos trown regrow gaseous machining blacking girly sandstone processes que vineyards strasse arby waterline janiero extinct,6.580353e-05
drowning uninhabited smell malibu fixtures cocked ruddy scored sleeping roiling deserted te.he doos trown regrow gaseous machining blacking girly sandstone gross que vineyards strasse arby waterline collarbone extinct,2.861023e-05
sweepers playstation manicure kissed jumpning an uh uh squash philharmonic an hungary plums hungary apples pudding ethiopia hungary gen artichokes restauarant roasted biblical jumpning soylet putted returnable,0.68655473
stuffing energy tanned parlour tambourines yachting profit lamb dolls degrees lion execute kebabs libraries treadmills cyclers hamstrings rearranging hashish lbs ally roasted mach greenhouse jeter elongated degrading,0.5956383
costco kfc senate downtown suitcases snowmobilers pring businessman indians basement theses ringling leafy libraries bondage sprawls lakers doles concourse gladius billowing mignon rhino absolutely anxiously filet degrading,0.23755944
costco slindg inkwell downtown portsmouth books pring businessman dvd slopes wooded biathlon hippi libraries kombat nes fiercly galactica storage 404 star queen rhino murdered mutant filet refrigerators,0.026958942
bears prtective irrational scoreboard marinating gallons bovine pool overs hurdlers haunched unaided vuitton willpower 0 disbelief everbody galactica walrus astigmatism rains katrina county murdered mutant filet poors,0.006293297
yodels norway teaparty the evacuates libya collapse toweling boxcar grandchildren ragnar rubiks the the kitty buildozer buildozer females canoer war war iceland depopulated depopulated whales reindeer farenheit,0.29378927
mourners golds pectoral the sauna rivers nenu toweling snowboarding plark beta blankly coughing basketball mothra kroger buildozer himalayan 1920 tycoon parasitic toweling preservers poppins whales mee rearview,0.22990704
laze gorillas scubba the brides rivers nenu toweling snowboarding pepole beta blankly braeburn basketball pediatrics realty woods himalayan raving tycoon regret toweling preservers poppins jaywalk slaughter hoot,0.014800072
laze coupel suspension trown brides mourns highjump ligament passively executions oman 6:00 aladdin swatch pediatrics journel palestinian peeled engulf tycoon soundproof mimosas deadliest bonds tennessee lull files,0.29898334
wine hissing tragic chardonnay aproned unmade lunch designer boutique wii mac massachussets uss superbike listerine ein poverty stoplight midicine volleying haves punt obeying canceling orbits ancestors rifles,0.6923164
roddy ballgowns foamy flavored foamy opaque vultures sandstone grassy glassy sloping opaque a glassy oceans ocean pensively snowy oceans snowy sipping fir impatiens lounging pixi impatiens frail dungeon,0.6761819
snakes portraits knotts grasses raceway sacked safron desert grassy riverfront inhabitable fog weedy deathly evacuate gelatin bagpiper committee dune beachfront labyrinth blessed dunes idly shhh pedroia disobeying volcanoes,0.09629178
lemur audible knots grasses molotov froma vacant downpour idyllic helmut totally someboy lae ostracized evacuate spewed energy gloxes towarn wan enchanted radars dark seeds backstroke quattro anybody bearer,0.0013995171
dinosaurs nokia mayores occupant freestyle swollen start towl poppy unemployment gushing nordstrom highjump postings evacuate republican shares embroidered dinosaur online centauri greetings moo cobbled rainforest putts any bearer,0.04156506
clift salad fillet sportwoman habbits rinsed nutrition v. poppy slaloms audiobook outstretched longchamp blode lexmark kippah shortstop ransom soybeans flowering es picky bjorn takeover snowboarder algae shirked $,0.07099247
bison spacecraft hubble headscarves physique fir palestinians jews reefs mater swining observatory interstate wrc letters president tiffany smoldering suntans female- dungeons bated blinds relection relatives terrorize whatsoever bathsuit,0.00229311
blueberries posioning yawning coverings chained writter hanged science jouls wwe tapestries inbounds sirloin enforcment fabric foal televisions fascist martian bar unworn bated rolling houseplant glinted dreamless tortured overactive,0.405509
cookies turret dissembles lanes specials floods innocent quilts tunnels strip ripper refined skee khan affairs blood strapless grandmother shanties pedicycle motorcyles blouse brindled hoot penny snoopy deadpan glider,0.6969198
frozen swimming jets predators flight tropical entirely read observatory furby boardgame velodrome demon nfc a.m. brooklyn strapless moonlit slain perching cincinatti frustrating predominately kittens rights pediatrics deadpan rotten,0.10471964
10k prospects savory sorcerer aquos handicap moth hikes byes smoke eiger regimental pilgramige crowds percussion music maxing process suburbs representative ii stripes;the calvin biking felony parkway sides deserted upfront,0.7136906
hyenas eruption nourishment meditating stephanopoulos nairobi rainfall superstore defenseless eruption eiger atomic thunderstorm coldly celebrate girder maxing biergarten headbutting jutting spaceship promenade motherboard monkeybars twiddling parkway humpty bode slightest,0.0001373291
pizza outstreached nourishment lindsey runs bleecker fahrenheit neads giraffes chewbacca fighers gurggles soviet challengers opposition extinguished mending biergarten lunar biked spaceship darke phillie offer captioned reserve galks refused bode,0.0029335022
petsmart neighborhood emperor romatic chickens knighting slopping mak rooftops rocket vultures cannons alai israel opposition utter expressway prohibited gertrude yeltzin rockets machine phillie radars foraging highland galks remain drys,0.14843929
appetizers fired headbutting fastball inning c galaxy iii licence coverage a imaginations a a writers algebraic offense novels writers inning innings presses falled pedaled shovels flesh buntings lazer hooding,0.73343503
hates album piad joule icehockey lcd fice volume walkway themountains insomnia brothers sullen hulls halen buster nect listeners clarity merrily telegram barricades vendetta highjump acrouss beth waverunner galloping cancun,0.4027623
skeptical shards cathedral joule com ethiopia afl wasps lemur breaststroke prochoice 8:00 sullen evades kauai panhandling dugongs begged talladega regret cremated repelling nearsighted ugly trashy allergic isp battered adandonded,0.38784063
vineyards squeegee monkeys discontent records intimidated daughters roam lemur waterboarding dreamcatcher terrestrial road demostrates kilometers pesos kennebunkport ivars bicep speedskater blindfolded posses route ugly trashy olympics passes structuralist weep,0.16408706
ships engraved idly scorched scarred intimidated secrete mars nintendo commute eyesight drones ghostbusters waith canaveral petronas bodhi forests forests personalized huddled craw marijuana cheated renovating canyon walkin street ostentatious,0.15307534
dessert backpacks redwoods layups hurled grassy scoreless bouquets jury motorcade lunch four batters peered four an batters batters briefcase threw petals ounces grounder batters sentence balled molten knives heroin,0.68510216
harvested coliseum collapsed wwf dehydration grassy scoreless trivial poverty atlantis rotten indoors batters explosions conjugate an motel wooded forests street rains heed redsox yoko recuse balled lightyear sloths estimate,0.00949955
leafless coliseum inhabitable tiling madam spewing nears espana pickoff capitalism unmanned indoors cancel officially watchng ballots motel ohio lava street democratic heed buntings harming md slightest lightyear frodo demon,0.062188864
rotten ky greenest merchants madam unbuckle landmass slid castrol signing krypton xmen flatly officially soles highjump siesta totally bahrain overgrown costs$ absolutely films headline cnducting beel groupe vegans dicsussing,0.06456959
beer mm yam naked grl 20/20 commentating potties booster tacobell paralyzing lazers vaporized officially hydraulic jiu humans flume bridal literacy forests kune geographic file rain illigal knocksdown demolition fc,0.42308724
rhinos 're sleeping residing males divorced divorced breed pandas japanese married remain remain pandas remain islanders the printer england the items the the the customs the kuthhoop the the,0.035868168
alpacas bank thirteenth bed tears loom priest roast pga harding married ironman handcart border deaf binge portuguese ghostbusters fried baths scares families copies unappy sunburned unsafe dialysis canoer snorkeling,0.38507187
foraging triangular airlifted woken antimatter loom oven lain floors downtown backpacker shampoos aquaman parish economics binge kneeling headbutting poky marriot pet coverage sweats unappy detritus underestimate carnation indoos bleacher,0.32520854
zedong unlit volleyball macy sponges machining aunties rings prince preformers mill shampoos maps parish poems paintballer square martian kebabs bustle broccoli congressional spanks unappy talen sallie stethoscopes saxs aerosol,0.13517618
volcanic unlit republican vote kills mountainous odn't barre prince browses 10:05 peeks beatle leashed technological organisms ore hoes independence squash mushrooms skirt euros chatting chileans dasani shocked shade unfording,0.30453157
